feature,exp1_refined,exp3_noisy,delta
payload_Backward_30_Skewness,0.00014010802,0.019390574,+0.019250466
iat_Backward_25_Max,0.00011492656,0.018301326,+0.018186399
iat_Both_15_Sum,4.3583189e-05,0.017452357,+0.017408774
payload_Both_25_Kurtosis,0.00063070968,0.01633404,+0.01570333
iat_Backward_5_Kurtosis,0,0.013461334,+0.013461334
payload_Both_All_Skewness,0.0001253172,0.012917465,+0.012792148
payload_Both_25_Pop_Std,0.00036655665,0.012865405,+0.012498848
packet_sizes_Backward_25_Kurtosis,0.0003846122,0.012732265,+0.012347653
payload_Backward_5_Kurtosis,0,0.012640988,+0.012640988
packet_sizes_Backward_25_Pop_Std,0.025131506,0.011970148,-0.013161359
payload_Backward_20_Q25,4.7991515e-05,0.011472903,+0.011424912
packet_sizes_Both_10_Sum,0.00015452458,0.011331218,+0.011176693
packet_sizes_Forward_25_Pop_Std,1.176671e-05,0.010990992,+0.010979225
payload_Forward_25_Q50,5.0644442e-05,0.01013251,+0.010081866
payload_Backward_25_Geo_Mean,0.00072842913,0.010053654,+0.009325225
packet_sizes_Forward_All_Variance,0.0047661137,0.0091746527,+0.004408539
packet_sizes_Backward_All_Q75,1.760043e-05,0.0091629981,+0.0091453976
packet_sizes_Backward_30_Skewness,7.1701353e-05,0.0090525144,+0.0089808131
payload_Backward_All_Max,0.00042709258,0.008748975,+0.0083218824
payload_Forward_10_Q50,0,0.0085774356,+0.0085774356
payload_Both_20_Geo_Mean,6.7835204e-05,0.0085682298,+0.0085003945
packet_sizes_Backward_All_IQR,0.00038026641,0.0085040613,+0.0081237949
packet_sizes_Backward_30_Geo_Mean,4.5536779e-05,0.0078540988,+0.0078085621
payload_Forward_20_Min,8.7188794e-05,0.0078154774,+0.0077282886
iat_Forward_25_Variance,0.0012818461,0.0077935806,+0.0065117345
iat_Backward_30_Sample_Std,0.0014500595,0.0077699206,+0.0063198611
payload_Forward_5_Sample_Std,9.1138102e-05,0.0077120055,+0.0076208674
Ratio_Bytes_Bidir,2.724008e-05,0.0076657693,+0.0076385292
flag_A,1.6420957e-05,0.0076296259,+0.007613205
payload_Forward_25_Sample_Std,0.00012656551,0.0072407298,+0.0071141643
IAT_34,8.4579293e-05,0.006760136,+0.0066755567
packet_sizes_Both_10_Kurtosis,0.0011289611,0.0061155552,+0.0049865941
payload_Forward_All_Max,0.00071325667,0.0059113403,+0.0051980836
iat_Forward_30_Sample_Std,5.1668864e-05,0.0058630323,+0.0058113634
payload_Forward_20_IQR,0.00032271578,0.0058601289,+0.0055374131
packet_sizes_Both_All_Geo_Mean,0.00041302301,0.005839487,+0.005426464
iat_Both_15_Range,0.00010177359,0.0058141811,+0.0057124075
payload_Backward_30_Q25,7.484039e-05,0.0056012958,+0.0055264554
payload_Backward_20_Max,0.00035747949,0.0055232261,+0.0051657466
payload_Forward_30_Q50,0.00017090271,0.0054198593,+0.0052489566
iat_Backward_All_Sample_Std,0,0.0053866023,+0.0053866023
payload_Forward_15_Range,0.00032539959,0.0053025804,+0.0049771808
packet_sizes_Both_15_Q75,0.00066262254,0.0053013941,+0.0046387716
packet_sizes_Both_10_Mean,2.3382523e-05,0.005285389,+0.0052620065
packet_sizes_Both_All_Kurtosis,0.031841201,0.0052820097,-0.026559191
payload_Backward_All_Sample_Std,0,0.0052589173,+0.0052589173
iat_Forward_20_Sum,0.0021215262,0.005175544,+0.0030540177
iat_Both_10_Variance,0.00090200768,0.0050906942,+0.0041886865
packet_sizes_Both_20_Skewness,0.00037645951,0.0050203038,+0.0046438443
payload_Both_10_Max,2.6880137e-05,0.0049071713,+0.0048802912
payload_Forward_5_Min,0.00014511394,0.0048898404,+0.0047447264
packet_sizes_Both_20_Geo_Mean,5.1158967e-05,0.0047911941,+0.0047400351
packet_sizes_Backward_30_Range,7.1410292e-05,0.0045466017,+0.0044751915
iat_Backward_20_Sample_Std,7.175388e-05,0.0045198524,+0.0044480985
iat_Backward_30_Kurtosis,0.0014459806,0.0044071117,+0.0029611311
Ratio_Packets_Bidir,0.0001080099,0.0043134089,+0.004205399
Bps_Backward,0.00028829754,0.0042174465,+0.003929149
payload_Backward_20_Kurtosis,0.00018420778,0.0042094624,+0.0040252546
payload_Backward_20_Pop_Std,0.0011070091,0.0041377722,+0.0030307631
packet_sizes_Backward_20_Geo_Mean,0.0001430395,0.0040781694,+0.0039351299
iat_Forward_All_Variance,0.00047504881,0.0039227034,+0.0034476546
payload_Both_30_Sum,0.00067305962,0.003897781,+0.0032247213
iat_Both_10_Sample_Std,0.00058731269,0.0038451562,+0.0032578436
payload_Forward_All_Mean,2.4813259e-05,0.0037649565,+0.0037401432
payload_Both_All_Q75,7.5223191e-05,0.0037417864,+0.0036665632
payload_Both_20_Q50,8.8733837e-07,0.003716884,+0.0037159967
payload_Forward_30_Pop_Std,6.7111096e-05,0.0036942082,+0.0036270971
payload_Forward_25_Kurtosis,0.00016644129,0.0036669993,+0.003500558
payload_Forward_All_Q75,0.00015149523,0.0036382704,+0.0034867752
packet_sizes_Forward_10_Mean,0.00026837879,0.0034457083,+0.0031773295
iat_Both_5_Min,0.0004074349,0.003437772,+0.0030303371
iat_Forward_15_Range,5.0828321e-06,0.0033130487,+0.0033079659
payload_Both_15_Range,0.00014006064,0.0032251708,+0.0030851101
packet_sizes_Forward_10_IQR,0.00021792756,0.0032144015,+0.002996474
packet_sizes_Forward_15_Q75,6.3954295e-05,0.0032082056,+0.0031442513
payload_Forward_20_Range,8.1828105e-05,0.0032054004,+0.0031235723
iat_Both_15_Pop_Std,0.0001236437,0.0031515717,+0.003027928
PSD_61,7.1836743e-06,0.0031483843,+0.0031412006
iat_Both_15_Mean,7.421864e-05,0.0031423638,+0.0030681452
Ratio_Packets_Backward,6.4802871e-05,0.0030636794,+0.0029988765
iat_Backward_5_Skewness,3.5953196e-05,0.0029799752,+0.002944022
packet_sizes_Forward_30_Kurtosis,8.1993318e-05,0.0029666558,+0.0028846625
payload_Backward_30_Mean,0.00018721705,0.0029415196,+0.0027543026
packet_sizes_Backward_30_Q25,0.000417825,0.0029343968,+0.0025165718
payload_Backward_5_Max,4.5561681e-05,0.0025990029,+0.0025534413
packet_sizes_Backward_30_Kurtosis,3.1910548e-05,0.00255088,+0.0025189694
payload_Both_All_Pop_Std,5.2716916e-05,0.0025387406,+0.0024860237
iat_Forward_10_Q50,7.2084747e-05,0.0025209588,+0.0024488741
packet_sizes_Both_15_Max,5.1011742e-05,0.0024785535,+0.0024275418
PSD_63,0.00011638466,0.0024591164,+0.0023427317
iat_Both_5_Q75,2.7503821e-05,0.002455712,+0.0024282082
payload_Forward_15_Kurtosis,6.8717387e-05,0.002422671,+0.0023539536
iat_Both_10_Range,0.00023832973,0.0024093192,+0.0021709894
Packet_Count_Forward,7.2560358e-05,0.0023326115,+0.0022600512
packet_sizes_Backward_20_Sum,2.2050671e-05,0.0023319948,+0.0023099441
PSD_10,0.00029140561,0.0023213739,+0.0020299683
iat_Forward_15_IQR,0.00016652757,0.0022582584,+0.0020917309
packet_sizes_Forward_10_Sample_Std,0.00033679548,0.0022578002,+0.0019210048
iat_Forward_5_Mean,0.00082260604,0.0022568349,+0.0014342289
packet_sizes_Backward_30_IQR,0.00017830353,0.002247531,+0.0020692275
packet_sizes_Both_All_Pop_Std,5.2357249e-05,0.0022416461,+0.0021892889
IAT_17,0.00054233738,0.002226908,+0.0016845707
iat_Forward_10_Variance,0.00060846497,0.0021900529,+0.0015815879
IAT_65,3.3716313e-05,0.0021474475,+0.0021137311
payload_Forward_20_Kurtosis,3.6189743e-05,0.0021349412,+0.0020987514
PSD_37,0.00040783295,0.0021277736,+0.0017199407
iat_Forward_5_Geo_Mean,0.0015193998,0.0021193622,+0.0005999624
payload_Backward_25_Mean,0.00034041531,0.0020858891,+0.0017454738
IAT_21,0.00062506153,0.0020462662,+0.0014212047
IAT_22,0.00013799031,0.0020241762,+0.0018861859
iat_Both_25_Skewness,0.00026429821,0.001992679,+0.0017283808
packet_sizes_Both_20_Kurtosis,4.0057325e-05,0.0019526436,+0.0019125862
packet_sizes_Forward_10_Q50,0.00085270219,0.0019379518,+0.0010852496
tcp_seq_b0,6.8456196e-05,0.0019177937,+0.0018493375
IAT_14,5.9545169e-05,0.0019168401,+0.0018572949
iat_Forward_5_Max,0.00042095629,0.0018962147,+0.0014752584
payload_Both_All_Sample_Std,0.0027831912,0.0018946035,-0.00088858771
iat_Both_25_Mean,5.505121e-05,0.0018910808,+0.0018360296
payload_Backward_10_Geo_Mean,0.00020931282,0.0018717124,+0.0016623996
packet_sizes_Forward_15_Kurtosis,0.00014219294,0.001827616,+0.001685423
iat_Forward_10_IQR,0.00034121552,0.0017954602,+0.0014542447
payload_Backward_5_Q25,8.5982617e-05,0.0017755434,+0.0016895608
packet_sizes_Both_30_Kurtosis,5.7381961e-05,0.0017522243,+0.0016948423
packet_sizes_Both_25_Sample_Std,0.00021000096,0.0017465672,+0.0015365662
payload_Backward_5_Pop_Std,5.4416537e-05,0.0017455233,+0.0016911068
iat_Forward_5_Kurtosis,6.6981339e-05,0.0017314106,+0.0016644293
iat_Backward_30_Geo_Mean,0.00021721198,0.0017197017,+0.0015024897
payload_Backward_15_Pop_Std,0.000436412,0.0017173737,+0.0012809617
packet_sizes_Backward_5_Range,2.3999711e-05,0.0017054297,+0.00168143
iat_Forward_15_Sample_Std,0.00046773596,0.0016913088,+0.0012235728
payload_Backward_10_Sample_Std,0.00014925156,0.0016800925,+0.0015308409
payload_Forward_5_Q50,0.00010312479,0.0016733829,+0.0015702581
packet_sizes_Forward_15_Sum,8.8242644e-05,0.0016627583,+0.0015745156
payload_Both_10_Mean,1.3711553e-05,0.0016511798,+0.0016374682
iat_Both_30_IQR,0.00046061272,0.0016433082,+0.0011826954
iat_Both_25_Pop_Std,9.4910574e-05,0.0016287209,+0.0015338104
packet_sizes_Backward_30_Sum,8.6840985e-05,0.0016160501,+0.0015292091
IAT_8,1.3370632e-05,0.001584119,+0.0015707484
packet_sizes_Backward_15_IQR,3.8653924e-05,0.001566792,+0.0015281381
iat_Forward_25_Kurtosis,1.9090627e-05,0.0015651937,+0.0015461031
payload_Backward_25_Q25,7.8892258e-05,0.0015362128,+0.0014573206
packet_sizes_Backward_20_Range,0.0047931426,0.0015351025,-0.0032580402
IAT_30,7.2678854e-05,0.0014827456,+0.0014100667
packet_sizes_Both_15_Variance,0.00035511036,0.0014772884,+0.0011221781
iat_Forward_25_Q75,3.5078248e-05,0.0014599659,+0.0014248876
PSD_32,8.7552655e-06,0.0014583419,+0.0014495867
payload_Backward_All_Variance,0.00017257048,0.0014582863,+0.0012857158
payload_Backward_10_Variance,0.0007223156,0.0014522556,+0.00072994002
payload_Forward_25_Pop_Std,0.00011561576,0.001451648,+0.0013360322
PSD_89,5.3816982e-06,0.0014494281,+0.0014440464
PSD_94,2.3748776e-06,0.0014443333,+0.0014419585
packet_sizes_Forward_25_Geo_Mean,0.00047131554,0.0014391632,+0.00096784769
payload_Forward_20_Q75,0.00034331111,0.0014312613,+0.0010879502
Ratio_Packets_Forward,0.0024634755,0.0013904929,-0.0010729826
packet_sizes_Backward_20_Variance,1.5046238e-05,0.0013550207,+0.0013399745
iat_Backward_All_Mean,8.5169579e-05,0.0013471995,+0.00126203
iat_Forward_10_Sample_Std,2.4987947e-05,0.0013229623,+0.0012979744
IAT_73,3.90741e-05,0.0013062844,+0.0012672103
payload_Both_5_Skewness,0.0013660799,0.0012993927,-6.6687183e-05
packet_sizes_Backward_15_Sample_Std,0.0013285902,0.0012895659,-3.9024269e-05
packet_sizes_Both_30_Sample_Std,1.2054554e-05,0.0012883655,+0.001276311
payload_Backward_20_Q50,0.00021205356,0.0012719852,+0.0010599316
IAT_31,9.2899155e-05,0.0012558976,+0.0011629985
payload_Forward_All_Skewness,0.00057361787,0.0012359662,+0.00066234837
IAT_41,0.00019951541,0.001225967,+0.0010264516
IAT_2,0.00039445454,0.0012256906,+0.00083123602
iat_Backward_All_Q75,0.00039946967,0.0012251252,+0.00082565548
packet_sizes_Both_20_Mean,0.00095763806,0.0011974768,+0.00023983877
packet_sizes_Forward_20_Q75,0.00077060624,0.0011938934,+0.00042328719
Pps_Both,0.00030465326,0.0011778636,+0.00087321037
payload_Both_30_Max,0.0043324675,0.0011767773,-0.0031556903
payload_Both_5_Geo_Mean,0.00013525646,0.0011750684,+0.001039812
packet_sizes_Forward_All_Q50,0.00016529353,0.0011726328,+0.0010073392
packet_sizes_Both_20_Max,3.433989e-05,0.0011633639,+0.001129024
payload_Forward_10_Mean,0.00060871381,0.0011516625,+0.00054294865
packet_sizes_Forward_15_Sample_Std,0.00098430171,0.001132703,+0.00014840129
payload_Forward_All_Q50,5.2093888e-05,0.0011287624,+0.0010766685
Pps_Backward,0.00042528672,0.001122639,+0.00069735229
iat_Forward_20_IQR,0.00047417422,0.0011211107,+0.00064693644
iat_Forward_All_Mean,0.00027320382,0.0011195227,+0.0008463189
iat_Both_15_Q75,0.00051944499,0.0011185466,+0.00059910165
packet_sizes_Backward_25_IQR,0.00017213485,0.001114223,+0.00094208815
payload_Backward_15_Max,0.0004913099,0.0011132182,+0.00062190828
packet_sizes_Both_25_Q50,0.00010670083,0.0011090391,+0.0010023382
iat_Both_25_Q75,0.00034919294,0.0011059704,+0.00075677742
payload_Backward_All_Q75,0.0011110863,0.001102926,-8.1602414e-06
packet_sizes_Both_30_Skewness,0,0.0010925928,+0.0010925928
IAT_9,0.00044504934,0.0010910631,+0.00064601375
iat_Backward_20_Pop_Std,0.0010262232,0.0010871709,+6.0947777e-05
payload_Backward_25_Min,0.00015847791,0.0010865384,+0.00092806053
IAT_15,0.00029280053,0.0010837436,+0.00079094306
iat_Forward_15_Q25,0.000264089,0.0010813093,+0.00081722035
iat_Both_15_Geo_Mean,6.2843182e-06,0.0010804578,+0.0010741734
Mean_Arrived_Backward,4.7905226e-05,0.0010734375,+0.0010255323
payload_Both_20_Max,0.00010771884,0.0010704143,+0.00096269546
packet_sizes_Both_5_IQR,0.00027212371,0.001069222,+0.00079709833
iat_Both_5_Q25,1.4208266e-05,0.0010635293,+0.001049321
iat_Backward_20_Kurtosis,0.00019901628,0.001059425,+0.00086040874
packet_sizes_Forward_20_Mean,1.1191781e-05,0.001054996,+0.0010438042
packet_sizes_Backward_10_Range,7.3140112e-05,0.0010240178,+0.00095087766
IAT_53,1.3315432e-06,0.0010238277,+0.0010224961
iat_Forward_5_Sum,0.0006449189,0.0010226177,+0.00037769881
packet_sizes_Backward_25_Variance,0,0.0010135439,+0.0010135439
iat_Backward_30_Min,0.0015985515,0.0010113355,-0.00058721596
packet_sizes_Backward_25_Q50,6.8322863e-05,0.0010099183,+0.00094159541
packet_sizes_Both_10_Range,0.00046245017,0.0010078538,+0.00054540362
payload_Backward_10_IQR,0.00015795591,0.00099612197,+0.00083816605
payload_Forward_10_Skewness,0.047766794,0.00097496844,-0.046791826
iat_Both_5_Max,0.0010133686,0.0009650984,-4.8270236e-05
iat_Both_25_Geo_Mean,0.00028298864,0.00095243494,+0.00066944629
payload_Forward_30_IQR,0,0.00094935497,+0.00094935497
iat_Forward_20_Q50,0.0010703396,0.00094562151,-0.00012471808
iat_Backward_25_IQR,0.001104645,0.0009453467,-0.00015929832
iat_Both_25_Sum,0.0060079336,0.00094387381,-0.0050640598
packet_sizes_Both_All_Q50,0.0001066673,0.00093655793,+0.00082989063
packet_sizes_Both_All_Sample_Std,0.0011565836,0.00093443888,-0.0002221447
iat_Backward_25_Kurtosis,0.018229066,0.0009336855,-0.01729538
iat_Backward_30_Sum,0.00060325161,0.00093314716,+0.00032989555
payload_Both_20_Variance,8.5266538e-06,0.00092964329,+0.00092111664
iat_Forward_All_Sample_Std,7.787175e-05,0.00092818045,+0.0008503087
packet_sizes_Backward_All_Variance,0.00070223037,0.00092185626,+0.00021962589
iat_Backward_30_Mean,0.00045450399,0.00091995312,+0.00046544913
payload_Both_25_Q75,9.1275631e-05,0.00091819589,+0.00082692026
iat_Forward_15_Max,0.030525443,0.00091417061,-0.029611272
iat_Forward_5_Q75,0.00047076463,0.0009126718,+0.00044190717
PSD_88,2.7578514e-05,0.0009085878,+0.00088100929
iat_Forward_30_Max,0.00022035342,0.00090592503,+0.00068557161
packet_sizes_Both_25_Geo_Mean,0.00091056259,0.00090218919,-8.3733922e-06
payload_Backward_30_Geo_Mean,0.0001045703,0.00089764197,+0.00079307167
payload_Backward_10_Pop_Std,0.00024629978,0.00089759234,+0.00065129255
packet_sizes_Forward_All_Pop_Std,6.7204774e-05,0.00088889473,+0.00082168996
payload_Backward_5_Min,0.00045645961,0.00088596817,+0.00042950855
PSD_72,2.5576694e-06,0.00088481523,+0.00088225756
payload_Backward_25_Q50,0.028741427,0.00088318769,-0.02785824
iat_Forward_All_Q25,0.027865879,0.00087832426,-0.026987554
iat_Both_20_Kurtosis,0.00029312259,0.00086847231,+0.00057534972
packet_sizes_Both_All_Sum,0.00029269309,0.00086744655,+0.00057475346
iat_Backward_25_Variance,2.9724275e-05,0.00086347127,+0.000833747
tcp_seq_b3,0.0001947644,0.0008537607,+0.0006589963
iat_Both_All_Q25,0.00017101996,0.00085082816,+0.0006798082
packet_sizes_Backward_30_Q50,0.00025421522,0.00084866702,+0.0005944518
iat_Forward_10_Q25,0.00064095659,0.00084824989,+0.0002072933
iat_Backward_5_Q50,6.1194732e-05,0.00084346802,+0.00078227329
iat_Backward_10_Geo_Mean,0.00031863322,0.00084270819,+0.00052407497
iat_Backward_20_Geo_Mean,0.00011613663,0.0008398397,+0.00072370308
PSD_11,0,0.00083957845,+0.00083957845
iat_Both_20_Mean,0.00055587536,0.00083202743,+0.00027615207
IAT_33,4.4762804e-06,0.00082871098,+0.0008242347
iat_Backward_10_Pop_Std,1.691105e-05,0.00082649223,+0.00080958118
IAT_7,0,0.00082173796,+0.00082173796
payload_Backward_5_Sample_Std,0.00050687936,0.00082011221,+0.00031323285
iat_Backward_10_Sample_Std,0.00039793877,0.00081457134,+0.00041663257
payload_Forward_All_Geo_Mean,0.00056127014,0.00080718205,+0.00024591191
Ratio_Bytes_Forward,4.1344288e-05,0.00079984894,+0.00075850465
IAT_3,0.00034764998,0.0007969386,+0.00044928862
packet_sizes_Forward_25_IQR,0.00033008437,0.00078141475,+0.00045133037
packet_sizes_Both_25_Skewness,3.4071676e-05,0.00078063932,+0.00074656765
iat_Backward_25_Sample_Std,0.0017905122,0.0007754712,-0.001015041
packet_sizes_Forward_15_Pop_Std,3.4148245e-05,0.00076874058,+0.00073459233
iat_Backward_15_Range,8.104954e-05,0.00076401598,+0.00068296644
iat_Backward_All_Sum,0,0.00075809342,+0.00075809342
payload_Forward_20_Q25,0.00013066813,0.00075773476,+0.00062706664
iat_Forward_25_Sum,9.5056987e-05,0.00075703449,+0.0006619775
iat_Forward_All_Max,0.00031392601,0.00075668696,+0.00044276095
payload_Both_5_Max,0.00026682163,0.00075590129,+0.00048907967
iat_Forward_All_Skewness,0,0.00075485973,+0.00075485973
payload_Forward_5_Skewness,0,0.00075303637,+0.00075303637
packet_sizes_Backward_25_Q25,8.7376413e-05,0.00075138841,+0.000664012
iat_Both_15_Skewness,0.00035399941,0.00074698562,+0.00039298621
payload_Forward_5_Variance,5.5502881e-05,0.00074337372,+0.00068787083
packet_sizes_Backward_20_IQR,0.00011504081,0.00073675888,+0.00062171807
iat_Backward_All_Geo_Mean,0.0002317218,0.00073425098,+0.00050252918
IAT_13,0.00034065583,0.00073424768,+0.00039359185
IAT_28,0.0001902438,0.00072636329,+0.00053611949
iat_Forward_5_Sample_Std,0.00079909406,0.00072536901,-7.3725052e-05
payload_Both_20_Mean,0.00029251865,0.00072381363,+0.00043129498
payload_Both_All_Q50,9.8136484e-05,0.00072156951,+0.00062343302
payload_Both_25_Geo_Mean,0.00011819224,0.00071988563,+0.0006016934
packet_sizes_Backward_10_Geo_Mean,0.00046273827,0.00071602652,+0.00025328825
packet_sizes_Both_All_Q75,0.00021154086,0.00071535437,+0.00050381351
packet_sizes_Forward_20_Q50,0.00010948024,0.00071140155,+0.00060192131
PSD_25,0.00029794443,0.00070047024,+0.00040252581
iat_Backward_20_Max,0.00035728907,0.00070024318,+0.00034295411
PSD_67,1.5945263e-06,0.00069533459,+0.00069374007
packet_sizes_Forward_20_Range,1.507371e-05,0.00069468352,+0.00067960981
iat_Forward_30_Q50,0.00029259981,0.00069397059,+0.00040137078
packet_sizes_Forward_25_Variance,0.0002414894,0.00069197326,+0.00045048386
packet_sizes_Backward_15_Sum,0,0.00068673751,+0.00068673751
iat_Both_All_Geo_Mean,0.00013535179,0.00068431702,+0.00054896523
packet_sizes_Both_25_Range,0.00094273494,0.00068217951,-0.00026055543
iat_Forward_30_Geo_Mean,7.3274343e-05,0.00068133873,+0.00060806439
payload_Backward_15_Range,4.8369597e-05,0.00068100451,+0.00063263491
iat_Backward_25_Pop_Std,9.0718195e-05,0.00067891141,+0.00058819322
packet_sizes_Backward_30_Mean,0.00020508172,0.00067759002,+0.00047250831
payload_Forward_15_Geo_Mean,0.00046728436,0.00067409243,+0.00020680807
packet_sizes_Both_15_Geo_Mean,6.8599759e-05,0.0006739234,+0.00060532364
packet_sizes_Forward_All_Q75,4.1331652e-05,0.00067204753,+0.00063071588
Pps_Forward,0.00016532229,0.00066893294,+0.00050361065
packet_sizes_Backward_25_Skewness,0.00019961571,0.00066878446,+0.00046916875
payload_Both_15_Pop_Std,0.00059458685,0.00066669338,+7.2106533e-05
payload_Forward_5_Range,7.9914067e-05,0.0006660716,+0.00058615753
PSD_71,1.4697033e-06,0.00066149244,+0.00066002274
iat_Both_10_Q25,0.000177597,0.00065018253,+0.00047258553
iat_Forward_All_Sum,0.00018096651,0.00064862584,+0.00046765933
iat_Backward_15_Mean,7.3321874e-05,0.00064659753,+0.00057327565
payload_Forward_10_Kurtosis,0.00012579826,0.00064442046,+0.0005186222
payload_Backward_All_Q50,4.5919845e-05,0.00064130594,+0.00059538609
iat_Backward_30_Variance,0.00015754898,0.0006409432,+0.00048339422
payload_Forward_30_Q25,0.0001753238,0.00064040182,+0.00046507802
payload_Backward_10_Q50,0.015259314,0.00064033052,-0.014618984
payload_Forward_5_Sum,0.00071872583,0.00063944586,-7.9279973e-05
packet_sizes_Forward_20_Max,0.00038219754,0.00063777659,+0.00025557904
IAT_12,6.9374582e-05,0.00063295988,+0.0005635853
PSD_24,0.00032305716,0.00062512594,+0.00030206878
packet_sizes_Backward_20_Kurtosis,0.00034080725,0.00062347717,+0.00028266991
iat_Forward_25_Max,0.00053037171,0.00061997185,+8.9600136e-05
IAT_93,1.2435888e-06,0.00061706106,+0.00061581747
payload_Backward_30_Q75,0.00033092845,0.00061634987,+0.00028542142
payload_Forward_25_Variance,0.00097085997,0.00061168251,-0.00035917746
ip_checksum_hi,0.0034715612,0.0006069753,-0.0028645859
iat_Both_10_Q50,4.3311737e-05,0.00060090574,+0.000557594
IAT_16,0.0012340476,0.00059990377,-0.0006341438
payload_Backward_30_Pop_Std,0.00020879699,0.00059927315,+0.00039047616
payload_Both_5_Range,0,0.00059916927,+0.00059916927
packet_sizes_Backward_10_Mean,0,0.00059893552,+0.00059893552
packet_sizes_Forward_30_Q50,0.00084963013,0.00059499739,-0.00025463275
iat_Backward_25_Mean,0.0014616659,0.00058805444,-0.0008736115
iat_Forward_All_IQR,0.00023317111,0.00058761742,+0.00035444631
packet_sizes_Both_5_Q75,0.00024539015,0.00058627679,+0.00034088664
payload_Both_All_Sum,0.0001099821,0.00058432928,+0.00047434718
packet_sizes_Backward_10_Skewness,0.00027834634,0.00058173515,+0.00030338881
payload_Both_5_IQR,0.0023127166,0.00057981651,-0.0017329001
Duration_Both,5.8070613e-05,0.00057491767,+0.00051684705
iat_Forward_25_Geo_Mean,0.00088683363,0.00057461721,-0.00031221642
payload_Forward_20_Sum,0.00022826269,0.00057252736,+0.00034426467
payload_Backward_15_Sample_Std,0.00018271047,0.00056933192,+0.00038662145
PSD_62,0.00011124384,0.00056659881,+0.00045535497
packet_sizes_Backward_20_Q50,0.00017950372,0.00056471705,+0.00038521333
payload_Backward_5_Skewness,0,0.00056400745,+0.00056400745
PSD_13,1.7360093e-05,0.00056295273,+0.00054559264
payload_Both_15_Variance,8.3828458e-05,0.00055945422,+0.00047562576
iat_Forward_15_Q50,0.00020145338,0.00055322361,+0.00035177023
iat_Forward_10_Max,0.00058471996,0.00055263011,-3.2089848e-05
payload_Both_10_Sum,0,0.00054959743,+0.00054959743
payload_Backward_20_Q75,0.00010238126,0.00054381414,+0.00044143287
packet_sizes_Forward_15_Max,0.00081563146,0.00053956002,-0.00027607144
iat_Backward_5_Q25,0.00029839938,0.00053779937,+0.00023939999
IAT_20,4.2965692e-05,0.00053777475,+0.00049480906
payload_Forward_All_Variance,0.00021816364,0.00053707441,+0.00031891077
payload_Forward_25_Sum,5.1964874e-05,0.00053390863,+0.00048194376
iat_Backward_20_Range,6.7741658e-05,0.00053167338,+0.00046393172
PSD_15,7.1378048e-05,0.00053076403,+0.00045938598
payload_Backward_25_Range,0.024972674,0.00053069602,-0.024441978
iat_Backward_10_Max,8.6862257e-05,0.00052483037,+0.00043796812
IAT_96,0.00062169653,0.00052411406,-9.7582468e-05
IAT_72,5.2766421e-05,0.00052262532,+0.0004698589
packet_sizes_Forward_5_Pop_Std,0.00092326411,0.00051658962,-0.00040667449
payload_Both_20_Range,0,0.00051169885,+0.00051169885
packet_sizes_Both_5_Max,2.6357742e-05,0.00051145156,+0.00048509382
PSD_98,1.6803117e-06,0.00051086275,+0.00050918244
payload_Both_5_Sum,0.001298663,0.00050220166,-0.0007964613
packet_sizes_Both_5_Range,0.00035521543,0.00050209309,+0.00014687766
iat_Backward_All_Q25,0.00015614689,0.00049964156,+0.00034349467
payload_Backward_20_Geo_Mean,0.00016324433,0.00049842274,+0.00033517842
iat_Backward_15_Skewness,5.5737507e-05,0.00049832772,+0.00044259021
iat_Both_15_Max,0.00056509596,0.00049787548,-6.7220484e-05
PSD_76,0,0.00049493342,+0.00049493342
iat_Both_30_Geo_Mean,0.00028133077,0.00049250028,+0.00021116951
packet_sizes_Both_20_Pop_Std,6.556127e-05,0.00049240082,+0.00042683955
payload_Both_30_Q75,0.00017505228,0.00049179545,+0.00031674317
iat_Forward_30_Kurtosis,5.858931e-05,0.00049176698,+0.00043317767
payload_Forward_20_Pop_Std,8.2798705e-05,0.00049163543,+0.00040883673
packet_sizes_Both_20_Variance,2.843841e-05,0.00049109353,+0.00046265512
iat_Both_5_Sample_Std,0.00011622576,0.00049084244,+0.00037461668
payload_Forward_25_IQR,9.1590306e-05,0.00048636903,+0.00039477872
packet_sizes_Forward_5_Geo_Mean,0.012202842,0.00048629789,-0.011716544
iat_Backward_15_Max,7.0598817e-05,0.00048586296,+0.00041526414
iat_Both_15_Q50,4.7616828e-05,0.00048576502,+0.00043814819
packet_sizes_Both_15_Range,1.8951259e-05,0.00047958512,+0.00046063387
packet_sizes_Both_20_Q50,0.00015089336,0.00047902843,+0.00032813507
packet_sizes_Backward_10_Q50,0.00033129042,0.00047649677,+0.00014520635
packet_sizes_Forward_All_Range,5.0191498e-05,0.00047641186,+0.00042622036
payload_Backward_30_Sample_Std,5.0527178e-05,0.00047171724,+0.00042119006
packet_sizes_Backward_15_Range,0.0004278325,0.00047117177,+4.3339267e-05
IAT_81,1.4016684e-06,0.00047087642,+0.00046947475
packet_sizes_Backward_10_Sample_Std,0.00066007161,0.00046845033,-0.00019162128
packet_sizes_Forward_25_Range,0.00055184553,0.0004666254,-8.5220134e-05
iat_Forward_30_Sum,7.5426148e-05,0.00046186451,+0.00038643836
packet_sizes_Forward_All_Sample_Std,6.4151109e-05,0.00046145318,+0.00039730207
PSD_28,9.6196043e-05,0.0004577471,+0.00036155106
iat_Forward_10_Q75,0.00034663954,0.00045762555,+0.000110986
iat_Forward_5_Variance,0.00024137285,0.00045686644,+0.00021549358
packet_sizes_Backward_10_IQR,7.1714635e-08,0.0004550628,+0.00045499109
PSD_34,7.8567729e-05,0.00045494424,+0.00037637651
iat_Forward_15_Kurtosis,2.9413294e-05,0.00045458601,+0.00042517272
packet_sizes_Both_25_Sum,0.00019845199,0.00045350301,+0.00025505102
payload_Forward_25_Mean,5.9650783e-05,0.00045209902,+0.00039244824
iat_Backward_15_Kurtosis,0.00030772393,0.0004484911,+0.00014076717
IAT_59,1.4283121e-05,0.00044840983,+0.00043412671
payload_Both_15_Q75,0.00032330929,0.00044662939,+0.0001233201
PSD_78,5.0201587e-06,0.00044659197,+0.00044157181
payload_Both_20_IQR,5.3742524e-05,0.00044108685,+0.00038734433
Ratio_Bytes_Backward,2.4937365e-05,0.00044097403,+0.00041603667
PSD_19,6.7732009e-05,0.00044006984,+0.00037233783
iat_Both_15_Kurtosis,0.00037733963,0.00043837849,+6.1038856e-05
payload_Forward_30_Q75,0.0012732367,0.00043753387,-0.00083570288
packet_sizes_Forward_10_Kurtosis,0.00069747614,0.00043558517,-0.00026189097
packet_sizes_Forward_20_Skewness,0.00010506768,0.00043479627,+0.00032972859
iat_Both_20_Sample_Std,0.00011911387,0.00043326287,+0.000314149
iat_Both_All_Mean,0.00020824817,0.00043218776,+0.00022393959
packet_sizes_Forward_5_Mean,0.00036306631,0.000430328,+6.7261684e-05
packet_sizes_Both_15_Sum,0.00036739088,0.00042945141,+6.2060536e-05
iat_Forward_20_Pop_Std,3.9356497e-05,0.00042935869,+0.00039000219
payload_Both_10_Geo_Mean,0.0012867409,0.00042897091,-0.00085776999
payload_Both_25_Sum,0.00076486827,0.00042823356,-0.00033663472
packet_sizes_Both_5_Mean,0.0005164906,0.00042739582,-8.9094787e-05
payload_Both_5_Variance,0.00012149595,0.00042603568,+0.00030453973
iat_Both_15_IQR,0.00028570821,0.0004230974,+0.00013738919
payload_Both_5_Mean,7.9769894e-05,0.00042261508,+0.00034284519
IAT_99,8.9321162e-06,0.00042072295,+0.00041179083
iat_Backward_25_Skewness,0.00012730085,0.0004183565,+0.00029105565
iat_Forward_10_Mean,0.00065824518,0.00041746744,-0.00024077774
packet_sizes_Forward_5_Max,0.00028480485,0.00041633385,+0.000131529
iat_Both_30_Skewness,4.0617715e-05,0.00041359335,+0.00037297564
iat_Backward_30_Q50,0.00041697502,0.00041341658,-3.5584419e-06
PSD_73,5.1134767e-07,0.00041236206,+0.00041185071
payload_Both_10_Range,0.00083326127,0.00041175645,-0.00042150482
payload_Forward_All_IQR,2.9256829e-05,0.00041141934,+0.00038216251
iat_Both_20_Q50,0,0.00040920151,+0.00040920151
iat_Forward_30_Q75,0.0010159044,0.0004077274,-0.00060817701
packet_sizes_Both_10_Geo_Mean,0,0.00040682293,+0.00040682293
PSD_52,3.8297744e-05,0.00040672394,+0.0003684262
iat_Both_30_Q75,0.00030371921,0.00040158184,+9.7862638e-05
iat_Backward_25_Range,0.00081252206,0.00040112881,-0.00041139324
packet_sizes_Both_5_Geo_Mean,0.00030384724,0.00040025629,+9.6409053e-05
packet_sizes_Forward_All_IQR,9.7253649e-05,0.0003996326,+0.00030237895
iat_Both_15_Q25,0.00069859997,0.00039899806,-0.00029960191
payload_Forward_30_Sample_Std,0.00014419471,0.00039874698,+0.00025455227
iat_Both_20_Geo_Mean,0.0014256625,0.00039769815,-0.0010279643
payload_Both_25_Sample_Std,6.4660449e-05,0.00039542077,+0.00033076032
packet_sizes_Backward_5_Q25,3.2485793e-06,0.00039294837,+0.00038969979
packet_sizes_Both_30_Q50,0.00012009738,0.00039258238,+0.000272485
payload_Both_20_Skewness,0.00061809808,0.00039172458,-0.00022637351
iat_Forward_20_Kurtosis,0.00026783802,0.00039054467,+0.00012270665
payload_Forward_30_Min,6.9277736e-05,0.00039022848,+0.00032095074
iat_Backward_10_Kurtosis,0.00010960023,0.00038946045,+0.00027986022
IAT_67,9.9769134e-07,0.00038793536,+0.00038693767
payload_Forward_10_Q25,0.00051992239,0.00038710055,-0.00013282185
payload_Forward_25_Max,0.0076829461,0.0003864874,-0.0072964587
Packet_Count_Backward,0.05086852,0.00038584217,-0.050482678
iat_Forward_All_Geo_Mean,0.0020826821,0.00038500962,-0.0016976725
payload_Backward_5_Variance,0.00016777654,0.00038460262,+0.00021682607
payload_Forward_10_IQR,0.00012846906,0.00038412596,+0.0002556569
iat_Forward_15_Mean,0.00018655528,0.0003835299,+0.00019697462
packet_sizes_Backward_20_Mean,0.00074653597,0.00038329212,-0.00036324385
payload_Both_All_Variance,0.0011913908,0.00038311669,-0.00080827415
payload_Backward_10_Sum,5.1685716e-05,0.00038247446,+0.00033078875
payload_Backward_20_IQR,0.00014257612,0.00038224184,+0.00023966572
IAT_74,7.5945008e-05,0.00038090515,+0.00030496015
payload_Both_5_Q75,0.001149129,0.00037778575,-0.00077134326
payload_Both_15_IQR,0,0.00037587296,+0.00037587296
iat_Backward_20_Mean,0.00035213987,0.00037300029,+2.0860416e-05
iat_Forward_25_IQR,0.0027794056,0.00037100732,-0.0024083983
iat_Forward_20_Sample_Std,0.00098194755,0.00037055801,-0.00061138953
payload_Both_30_Pop_Std,0.00091040407,0.00036756502,-0.00054283905
iat_Forward_20_Max,0.00016252024,0.0003670728,+0.00020455256
payload_Backward_15_Min,0.00018517289,0.0003667174,+0.0001815445
payload_Forward_15_Q75,3.8149776e-05,0.00036597311,+0.00032782334
packet_sizes_Forward_10_Range,0.00026738827,0.00036592854,+9.8540271e-05
flag_R,0.00040383097,0.00036340024,-4.0430729e-05
iat_Both_5_Variance,0.0005427868,0.00036243273,-0.00018035407
PSD_35,2.6398344e-06,0.00035777988,+0.00035514005
packet_sizes_Both_30_Max,0.00041582726,0.00035611502,-5.971224e-05
iat_Both_20_Skewness,0.00011808584,0.00035592316,+0.00023783732
packet_sizes_Both_25_Kurtosis,0.00034948204,0.0003557916,+6.3095562e-06
IAT_83,2.7114885e-06,0.00035359934,+0.00035088785
packet_sizes_Backward_10_Q75,0.0022007293,0.00035241075,-0.0018483185
payload_Backward_30_Q50,4.5491363e-05,0.0003519976,+0.00030650624
packet_sizes_Forward_10_Skewness,2.3066842e-05,0.00034972226,+0.00032665542
packet_sizes_Both_30_Variance,0.0013778057,0.00034899678,-0.0010288089
iat_Both_25_Q25,0.00037437412,0.00034817683,-2.6197285e-05
iat_Forward_5_Range,0.00032525943,0.00034811667,+2.2857235e-05
iat_Forward_25_Q50,5.259207e-05,0.00034775298,+0.00029516091
iat_Backward_5_Min,0.00018267798,0.00034690922,+0.00016423124
PSD_87,0.00013558392,0.00034533798,+0.00020975406
packet_sizes_Forward_25_Sample_Std,6.6601594e-05,0.00034296464,+0.00027636305
payload_Both_All_Kurtosis,8.2199463e-05,0.0003422194,+0.00026001993
PSD_96,2.5070922e-06,0.00034158831,+0.00033908122
payload_Forward_15_Sample_Std,2.8230201e-05,0.00033996837,+0.00031173816
packet_sizes_Forward_5_Q75,0.0010844282,0.00033895767,-0.00074547053
iat_Forward_25_Skewness,0.00027415453,0.0003387203,+6.4565778e-05
iat_Backward_20_Variance,4.5205824e-05,0.00033754035,+0.00029233453
iat_Forward_10_Sum,3.7543757e-05,0.0003365465,+0.00029900274
PSD_3,0,0.00033526179,+0.00033526179
packet_sizes_Backward_30_Variance,0.00022518046,0.00033497304,+0.00010979259
packet_sizes_Forward_10_Sum,0.0001049976,0.00033441952,+0.00022942192
iat_Backward_All_Max,0.00013060998,0.00033295847,+0.00020234849
IAT_25,4.6318101e-07,0.00033184229,+0.00033137911
packet_sizes_Forward_30_Variance,6.7349401e-05,0.000330965,+0.0002636156
payload_Forward_All_Range,0.00058631812,0.00032932696,-0.00025699116
payload_Both_5_Pop_Std,0.00019844607,0.0003288881,+0.00013044203
iat_Both_All_Q75,0.00015697781,0.0003285778,+0.00017159999
payload_Forward_20_Variance,9.5843758e-05,0.00032697934,+0.00023113558
PSD_17,0.007864167,0.00032675953,-0.0075374075
iat_Forward_20_Q75,0.00071796833,0.00032623507,-0.00039173325
iat_Both_All_Q50,0.00023922807,0.00032599018,+8.6762104e-05
packet_sizes_Both_20_Range,0.00087394155,0.00032591988,-0.00054802167
packet_sizes_Forward_All_Geo_Mean,0.00015489128,0.00032351022,+0.00016861893
iat_Both_5_Sum,5.9989076e-05,0.00032276717,+0.00026277809
iat_Forward_20_Geo_Mean,0.00087246111,0.0003221482,-0.00055031291
payload_Backward_30_Variance,0.0018072112,0.00032184697,-0.0014853642
packet_sizes_Forward_30_Max,0.00035773597,0.00032099895,-3.6737027e-05
IAT_76,0.00018051822,0.00031893722,+0.000138419
iat_Both_20_Q25,0.0001079293,0.00031879882,+0.00021086952
IAT_85,0.00015490684,0.00031873766,+0.00016383082
packet_sizes_Both_10_Max,0.00011358468,0.00031627119,+0.00020268651
payload_Forward_All_Kurtosis,0.00038028317,0.00031625104,-6.4032129e-05
IAT_62,0.00017238398,0.00031541276,+0.00014302878
packet_sizes_Both_5_Variance,0.016350293,0.00031511883,-0.016035174
iat_Forward_15_Q75,0.00013932583,0.00031447953,+0.00017515369
packet_sizes_Forward_5_Q50,7.9937494e-06,0.00031353416,+0.00030554042
iat_Both_10_IQR,9.516692e-05,0.00031345842,+0.0002182915
payload_Backward_15_IQR,0.00013175889,0.00031200376,+0.00018024487
payload_Both_5_Kurtosis,0.00013951294,0.00031122665,+0.0001717137
iat_Forward_30_Variance,0.00016642062,0.00031100994,+0.00014458932
IAT_5,0.00014115539,0.0003109175,+0.00016976211
iat_Backward_10_Mean,0.00038403291,0.00031043428,-7.3598632e-05
iat_Both_5_Skewness,0,0.00031013371,+0.00031013371
iat_Backward_30_Q25,0.00025259861,0.00031003133,+5.7432728e-05
iat_Backward_15_Q50,0.00060934366,0.00030770623,-0.00030163743
packet_sizes_Forward_30_IQR,0,0.0003064996,+0.0003064996
iat_Both_5_Kurtosis,1.1872364e-07,0.00030611119,+0.00030599247
packet_sizes_Forward_15_Variance,0.00013833082,0.00030442455,+0.00016609374
packet_sizes_Forward_30_Range,0.00098754098,0.00030355609,-0.0006839849
flag_FA,0.0001909044,0.00030203793,+0.00011113353
PSD_31,0.0001012573,0.00030167829,+0.00020042099
PSD_30,3.0727195e-05,0.00030129355,+0.00027056635
iat_Both_5_Geo_Mean,0,0.00030088934,+0.00030088934
iat_Forward_10_Range,0,0.00030052624,+0.00030052624
iat_Both_5_Q50,0.0003534339,0.00030001704,-5.3416867e-05
Packet_Count_Both,0.00031768406,0.00029982105,-1.7863019e-05
IAT_68,0.00017651082,0.00029961958,+0.00012310876
packet_sizes_Backward_10_Pop_Std,2.3369154e-06,0.00029960412,+0.00029726721
IAT_18,0.0012643252,0.0002993772,-0.00096494804
PSD_81,3.8026762e-05,0.00029911394,+0.00026108718
packet_sizes_Forward_10_Geo_Mean,0.00051020897,0.00029892916,-0.00021127981
iat_Backward_10_Min,8.6510784e-05,0.00029750504,+0.00021099425
packet_sizes_Forward_5_IQR,8.1648937e-05,0.0002965564,+0.00021490747
iat_Both_15_Sample_Std,0.00013572892,0.00029565761,+0.00015992869
IAT_0,1.8171943e-05,0.00029432168,+0.00027614974
IAT_70,1.0307536e-05,0.00029359695,+0.00028328941
packet_sizes_Forward_15_Range,3.2418937e-05,0.00029358277,+0.00026116383
IAT_92,0,0.00029354509,+0.00029354509
IAT_71,0,0.00029246794,+0.00029246794
payload_Both_30_IQR,0.00030823179,0.00029117332,-1.7058467e-05
iat_Both_5_Mean,3.4206144e-05,0.00028999024,+0.00025578409
iat_Backward_20_IQR,0.00012959795,0.00028876879,+0.00015917085
iat_Forward_20_Mean,3.4934125e-05,0.00028826524,+0.00025333111
packet_sizes_Both_20_Sum,0,0.0002856977,+0.0002856977
PSD_14,0.00026369237,0.00028405889,+2.0366525e-05
iat_Backward_15_Variance,0.00080717242,0.00028398457,-0.00052318785
iat_Forward_15_Skewness,6.308486e-05,0.00028136181,+0.00021827695
packet_sizes_Backward_20_Sample_Std,9.1269324e-05,0.00028078737,+0.00018951805
payload_Forward_30_Skewness,0.00011513447,0.00028058591,+0.00016545145
IAT_39,4.0652684e-06,0.00028051457,+0.0002764493
payload_Forward_5_Pop_Std,0.00014868331,0.00028012157,+0.00013143826
payload_Both_15_Skewness,4.8871955e-08,0.00027915413,+0.00027910525
packet_sizes_Both_30_IQR,0.00053668856,0.00027870005,-0.00025798851
PSD_5,1.7234608e-06,0.00027843995,+0.00027671649
packet_sizes_Forward_25_Skewness,4.8904945e-05,0.00027814629,+0.00022924134
iat_Backward_15_Min,0.0001457231,0.00027688428,+0.00013116118
iat_Forward_30_IQR,0.00035959451,0.0002748906,-8.4703909e-05
packet_sizes_Forward_5_Variance,8.9458147e-05,0.0002725678,+0.00018310965
iat_Both_20_IQR,4.5052526e-05,0.00027173976,+0.00022668723
payload_Forward_15_Sum,0.00037304034,0.0002714937,-0.00010154664
IAT_11,0.00019585838,0.00027088121,+7.5022829e-05
packet_sizes_Backward_20_Q75,0.0011434938,0.00027043249,-0.00087306126
Mean_Arrived_Both,4.7077305e-05,0.00026912851,+0.0002220512
iat_Both_25_Range,4.3775591e-05,0.00026907988,+0.00022530428
packet_sizes_Backward_25_Mean,0.00033065685,0.00026755155,-6.3105296e-05
iat_Both_10_Mean,3.9562613e-05,0.00026723754,+0.00022767493
PSD_40,0.0083232557,0.00026560598,-0.0080576497
packet_sizes_Backward_20_Skewness,1.7547772e-05,0.00026034002,+0.00024279225
iat_Backward_All_Q50,0.0048970667,0.00026016955,-0.0046368971
iat_Backward_15_Q25,0.00087415937,0.00025936998,-0.00061478939
packet_sizes_Backward_All_Kurtosis,2.3418595e-05,0.00025934729,+0.0002359287
iat_Backward_20_Q25,0.0001940382,0.00025833097,+6.4292771e-05
iat_Backward_10_Q25,9.8953955e-05,0.00025825856,+0.0001593046
payload_Backward_15_Skewness,0.00013317482,0.00025645345,+0.00012327863
iat_Backward_25_Geo_Mean,4.3012526e-05,0.00025535525,+0.00021234272
PSD_39,1.8990067e-06,0.00025458165,+0.00025268265
payload_Forward_20_Mean,0.00011073762,0.0002538779,+0.00014314028
iat_Forward_20_Q25,0.00037355959,0.00025382346,-0.00011973613
packet_sizes_Both_20_IQR,0.00010470053,0.00025378368,+0.00014908315
iat_Forward_25_Q25,4.4395847e-05,0.00025166311,+0.00020726727
iat_Both_30_Sum,9.4285933e-05,0.00025117782,+0.00015689189
payload_Backward_15_Geo_Mean,0.0019233964,0.00025096152,-0.0016724349
iat_Both_10_Geo_Mean,0.00038442961,0.00025063656,-0.00013379305
iat_Forward_5_Pop_Std,0.0049693821,0.000249932,-0.0047194501
payload_Both_All_Mean,0.0019767743,0.00024967491,-0.0017270994
packet_sizes_Backward_10_Max,9.0098949e-05,0.00024892714,+0.00015882819
payload_Forward_25_Geo_Mean,0.00015214966,0.00024874099,+9.6591328e-05
iat_Both_25_IQR,0.001388674,0.00024804432,-0.0011406297
payload_Backward_25_IQR,0.016531059,0.00024639393,-0.016284665
payload_Backward_5_IQR,7.9589693e-05,0.00024392291,+0.00016433322
payload_Both_25_Q50,3.9563416e-05,0.00024295295,+0.00020338953
packet_sizes_Forward_5_Sample_Std,0.0081026957,0.00024215516,-0.0078605405
iat_Both_10_Q75,0.00015016669,0.0002410018,+9.08351e-05
iat_Forward_5_Skewness,3.5192653e-05,0.0002405163,+0.00020532365
iat_Both_20_Sum,0.00027315498,0.00024030451,-3.285047e-05
packet_sizes_Forward_All_Skewness,9.725937e-06,0.00023953247,+0.00022980654
payload_Forward_25_Range,0.0012196972,0.00023926403,-0.00098043318
packet_sizes_Both_25_IQR,0.0016536815,0.00023874314,-0.0014149383
IAT_55,7.3764869e-06,0.00023843051,+0.00023105403
payload_Forward_5_IQR,4.1677459e-05,0.00023708307,+0.00019540561
payload_Forward_20_Geo_Mean,0.00073088968,0.00023490054,-0.00049598915
Bps_Forward,0.00015785246,0.00023210278,+7.4250327e-05
iat_Both_5_Pop_Std,4.9614514e-05,0.00023134887,+0.00018173436
iat_Backward_10_Q75,5.3217299e-05,0.0002310632,+0.0001778459
iat_Backward_10_Range,5.0010042e-05,0.0002306572,+0.00018064716
iat_Backward_15_Geo_Mean,0.00037496245,0.00023052284,-0.00014443961
iat_Both_30_Q25,0.001192217,0.00023042655,-0.00096179049
PSD_26,0.00060425664,0.00022991407,-0.00037434258
packet_sizes_Forward_25_Sum,8.4319526e-05,0.00022969843,+0.00014537891
PSD_33,7.7045354e-05,0.00022967403,+0.00015262867
payload_Both_25_Skewness,0.00093330732,0.00022895142,-0.00070435589
iat_Both_All_IQR,0.0019934813,0.00022557746,-0.0017679039
packet_sizes_Both_20_Q75,0.00026759271,0.0002254402,-4.2152506e-05
iat_Backward_25_Q25,0.00050177899,0.00022501315,-0.00027676584
payload_Backward_30_Min,0.00026071235,0.00022418346,-3.6528891e-05
iat_Backward_All_Min,0.00017391663,0.00022414663,+5.0229995e-05
iat_Both_25_Q50,0.00032777903,0.00022261717,-0.00010516186
payload_Backward_25_Variance,0.00025289317,0.00022244949,-3.0443685e-05
payload_Backward_5_Geo_Mean,6.2866682e-05,0.00022156694,+0.00015870026
packet_sizes_Backward_30_Sample_Std,0.0018363431,0.00021905202,-0.0016172911
payload_Forward_10_Pop_Std,0.00020629053,0.00021806354,+1.1773012e-05
payload_Forward_All_Sum,0.00046502015,0.0002177743,-0.00024724584
payload_Forward_15_Mean,0.00010347132,0.00021745059,+0.00011397926
packet_sizes_Forward_25_Max,0.00050884373,0.00021603699,-0.00029280675
PSD_84,3.689782e-06,0.0002145635,+0.00021087372
packet_sizes_Forward_10_Variance,0.00041487027,0.00021447153,-0.00020039874
payload_Forward_10_Min,0.00022158598,0.00021344578,-8.140199e-06
IAT_97,1.0371423e-06,0.00021290955,+0.0002118724
IAT_60,1.6962577e-05,0.000212792,+0.00019582942
packet_sizes_Forward_15_Mean,0.00032829766,0.00021174121,-0.00011655644
payload_Both_25_Variance,9.788463e-05,0.00021139667,+0.00011351204
IAT_69,2.8102296e-07,0.00020967574,+0.00020939472
packet_sizes_Forward_30_Geo_Mean,1.4989836e-05,0.00020950238,+0.00019451255
iat_Both_30_Max,3.3794501e-05,0.00020808203,+0.00017428753
tcp_checksum_lo,0.00036047957,0.00020699887,-0.0001534807
IAT_47,0.00061645288,0.00020692313,-0.00040952975
packet_sizes_Forward_5_Range,0.0018605651,0.00020684123,-0.0016537239
iat_Forward_All_Kurtosis,3.8261627e-05,0.00020616982,+0.00016790819
payload_Forward_30_Range,0.0021069852,0.00020586176,-0.0019011235
packet_sizes_Backward_25_Sample_Std,0.00024780708,0.00020490804,-4.2899043e-05
packet_sizes_Both_25_Q25,3.6009198e-05,0.00020459421,+0.00016858501
PSD_77,0.00098220009,0.00020451934,-0.00077768075
IAT_58,1.7048865e-05,0.00020286892,+0.00018582006
iat_Forward_5_IQR,1.6310558e-05,0.00020063853,+0.00018432797
payload_Backward_15_Mean,4.6174293e-05,0.00019978699,+0.00015361269
iat_Backward_15_Sum,0.00013072837,0.00019885456,+6.8126187e-05
packet_sizes_Both_15_Skewness,0.00045449676,0.0001976517,-0.00025684506
packet_sizes_Forward_All_Max,7.8745313e-05,0.00019723328,+0.00011848797
payload_Backward_All_Kurtosis,0.0010978511,0.00019694711,-0.00090090402
payload_Forward_5_Q25,5.1697131e-07,0.00019693342,+0.00019641645
iat_Forward_30_Q25,0.00020241615,0.00019674067,-5.6754849e-06
Duration_Forward,5.811891e-05,0.00019662998,+0.00013851107
iat_Backward_15_Pop_Std,4.6895084e-05,0.00019653445,+0.00014963936
packet_sizes_Both_15_Pop_Std,0.00041318753,0.0001962471,-0.00021694043
payload_Backward_5_Range,5.8926215e-05,0.0001953708,+0.00013644458
iat_Both_10_Skewness,9.3156907e-05,0.0001948039,+0.000101647
packet_sizes_Both_10_Pop_Std,1.1541277e-05,0.00019409485,+0.00018255357
payload_Backward_20_Min,0.00059900614,0.00019409417,-0.00040491197
PSD_68,0.0001105948,0.00019320536,+8.2610553e-05
packet_sizes_Forward_15_Skewness,6.4085924e-05,0.00019302209,+0.00012893616
PSD_1,9.697281e-06,0.00018986162,+0.00018016434
iat_Forward_All_Q75,0.00013006005,0.00018981209,+5.9752043e-05
iat_Forward_25_Range,6.4578565e-05,0.00018908709,+0.00012450852
payload_Backward_15_Kurtosis,3.8970007e-05,0.00018901726,+0.00015004725
payload_Backward_25_Max,0.00025287746,0.00018866287,-6.4214591e-05
payload_Both_10_Kurtosis,0,0.00018856576,+0.00018856576
payload_Backward_10_Mean,0.00025293025,0.00018809698,-6.4833273e-05
packet_sizes_Forward_20_Variance,0.00020366253,0.00018788894,-1.5773594e-05
iat_Forward_10_Kurtosis,0.000220355,0.00018599236,-3.4362639e-05
iat_Forward_All_Min,0.00013247504,0.00018475173,+5.2276693e-05
payload_Forward_10_Geo_Mean,0.00043851189,0.00018473485,-0.00025377704
payload_Both_15_Kurtosis,2.9105303e-05,0.00018404953,+0.00015494422
packet_sizes_Backward_15_Max,0,0.00018387462,+0.00018387462
packet_sizes_Both_15_IQR,0.0021597599,0.00018357648,-0.0019761834
payload_Both_15_Mean,0.00016131244,0.00018326506,+2.1952622e-05
payload_Forward_20_Sample_Std,6.9813614e-05,0.00018292879,+0.00011311517
iat_Both_20_Q75,0.00014196761,0.00018265111,+4.0683502e-05
iat_Forward_30_Range,5.1333606e-05,0.00018154875,+0.00013021514
iat_Forward_15_Geo_Mean,0.00014555171,0.00018139121,+3.58395e-05
IAT_29,0.00021864744,0.00018015376,-3.8493677e-05
packet_sizes_Both_30_Pop_Std,8.8248415e-05,0.00017875976,+9.0511344e-05
iat_Backward_20_Skewness,0.012725311,0.00017851452,-0.012546796
PSD_18,5.9138435e-05,0.00017712369,+0.00011798526
PSD_41,3.8845198e-05,0.00017672085,+0.00013787565
iat_Both_20_Pop_Std,0.00036319853,0.00017632105,-0.00018687748
payload_Both_All_Max,8.4078095e-05,0.00017568215,+9.1604057e-05
PSD_83,1.8626385e-05,0.00017482752,+0.00015620113
payload_Both_15_Sample_Std,1.9504298e-05,0.00017386617,+0.00015436187
payload_Forward_20_Max,5.0877118e-06,0.00017321927,+0.00016813156
packet_sizes_Forward_25_Kurtosis,1.5741431e-05,0.00017195334,+0.0001562119
packet_sizes_Both_10_Variance,0,0.00017169634,+0.00017169634
payload_Forward_10_Max,7.447987e-05,0.00017158926,+9.7109386e-05
payload_Both_30_Variance,0.0022930489,0.00017082218,-0.0021222267
payload_Backward_All_Min,0,0.0001705328,+0.0001705328
packet_sizes_Forward_20_IQR,0.00073644726,0.00016750074,-0.00056894652
PSD_74,1.8034385e-06,0.000166604,+0.00016480057
payload_Both_30_Kurtosis,4.1830566e-05,0.00016603999,+0.00012420943
packet_sizes_Both_25_Max,7.4235125e-05,0.0001630007,+8.8765575e-05
packet_sizes_Forward_25_Q75,0.00036968216,0.00016290803,-0.00020677413
IAT_32,7.5802488e-05,0.00016205816,+8.6255671e-05
IAT_40,0.000163442,0.00016151817,-1.9238291e-06
iat_Forward_15_Variance,0.00032166121,0.00016079756,-0.00016086365
iat_Both_10_Pop_Std,0.00081003136,0.00016009405,-0.0006499373
payload_Forward_10_Range,3.4711266e-05,0.00015977773,+0.00012506647
ip_id_hi,9.3954988e-05,0.0001573697,+6.341471e-05
packet_sizes_Forward_30_Q75,0,0.00015727152,+0.00015727152
packet_sizes_Backward_All_Range,0.00011511665,0.00015699152,+4.1874873e-05
iat_Forward_5_Min,0.00011425654,0.00015557642,+4.1319881e-05
payload_Forward_30_Kurtosis,8.1022306e-05,0.0001554043,+7.4381999e-05
IAT_42,5.1497431e-05,0.00015497561,+0.00010347818
payload_Both_5_Sample_Std,6.8452906e-05,0.00015374852,+8.5295616e-05
IAT_94,0.00055276684,0.00015235662,-0.00040041022
payload_Backward_10_Kurtosis,0.0013204746,0.00015064628,-0.0011698283
payload_Backward_All_Range,3.5041034e-05,0.00014984809,+0.00011480706
iat_Forward_25_Sample_Std,0.00023446307,0.0001493197,-8.5143367e-05
iat_Forward_20_Skewness,0.0005291749,0.00014732788,-0.00038184701
packet_sizes_Backward_All_Geo_Mean,8.8816116e-05,0.00014711679,+5.8300674e-05
PSD_66,3.6790578e-06,0.00014676151,+0.00014308245
payload_Backward_20_Skewness,0.00035400262,0.00014619953,-0.00020780308
packet_sizes_Backward_15_Q25,1.2521344e-05,0.00014593384,+0.00013341249
payload_Forward_All_Pop_Std,0.00012827305,0.00014524518,+1.6972125e-05
iat_Backward_10_Q50,0.00010429515,0.00014401328,+3.9718126e-05
packet_sizes_Both_25_Q75,0.00048343924,0.00014358078,-0.00033985845
iat_Backward_30_Q75,0.00040938057,0.0001433842,-0.00026599637
iat_Backward_10_Sum,0.00019053018,0.00014332313,-4.7207055e-05
packet_sizes_Both_25_Pop_Std,8.5918215e-05,0.00014330358,+5.7385367e-05
payload_Both_15_Max,0.00015843118,0.00014243114,-1.600004e-05
packet_sizes_Forward_20_Kurtosis,4.0296804e-05,0.00014213006,+0.00010183326
IAT_6,1.8499645e-05,0.00014132672,+0.00012282707
packet_sizes_Forward_30_Skewness,2.5602533e-05,0.0001411769,+0.00011557437
iat_Both_30_Range,0.00010291904,0.00014104605,+3.8127013e-05
IAT_35,0.00021750861,0.00014087101,-7.6637599e-05
iat_Backward_5_Geo_Mean,0.00091056744,0.00014015,-0.00077041744
payload_Backward_25_Sum,0.0014447916,0.00013809475,-0.0013066969
payload_Both_30_Range,0.0016834981,0.00013781205,-0.001545686
IAT_1,0.0010687737,0.00013717993,-0.00093159381
PSD_27,0.00019536479,0.00013686361,-5.8501178e-05
iat_Forward_30_Skewness,0.00035949433,0.00013613683,-0.00022335751
iat_Both_25_Max,0.011508485,0.00013598414,-0.011372501
payload_Backward_All_Mean,0.0001533943,0.000135411,-1.7983299e-05
iat_Both_25_Min,0.00022854473,0.00013492987,-9.3614858e-05
payload_Backward_20_Range,0.00024255576,0.00013468509,-0.00010787067
iat_Both_5_IQR,0.00059702929,0.00013336333,-0.00046366597
iat_Forward_20_Range,7.7737008e-05,0.00013329842,+5.556141e-05
payload_Both_25_Mean,0.00010304293,0.00013327818,+3.023525e-05
packet_sizes_Forward_10_Q25,1.964285e-06,0.00013311469,+0.00013115041
payload_Forward_5_Kurtosis,0,0.00013204669,+0.00013204669
payload_Both_30_Mean,9.1224697e-05,0.00013063618,+3.9411479e-05
IAT_89,6.8160583e-07,0.00013026104,+0.00012957943
payload_Forward_10_Sample_Std,4.7857894e-05,0.00012866097,+8.0803075e-05
payload_Forward_5_Geo_Mean,0.00011914191,0.00012814587,+9.0039615e-06
PSD_95,5.2248176e-06,0.00012797747,+0.00012275265
packet_sizes_Both_25_Min,3.2221014e-06,0.00012724991,+0.00012402781
IAT_10,0.0074812246,0.00012698575,-0.0073542389
packet_sizes_Backward_30_Max,5.222199e-05,0.00012638627,+7.4164276e-05
IAT_36,7.2269702e-05,0.00012630559,+5.4035884e-05
packet_sizes_Both_25_Mean,0.00018084154,0.00012583573,-5.5005802e-05
packet_sizes_Forward_20_Geo_Mean,2.8005657e-05,0.00012572774,+9.7722084e-05
PSD_50,0.00043683814,0.00012557315,-0.00031126499
payload_Backward_25_Kurtosis,0.00014245645,0.00012547031,-1.6986143e-05
iat_Forward_10_Geo_Mean,0.00031509876,0.00012525895,-0.00018983982
iat_Both_All_Sum,0.00013069054,0.0001252135,-5.4770367e-06
iat_Backward_20_Q50,0.00084799477,0.00012516164,-0.00072283313
packet_sizes_Both_All_Max,0.00013715293,0.00012335225,-1.3800682e-05
payload_Forward_25_Min,8.1054325e-05,0.00012278047,+4.1726142e-05
payload_Forward_15_IQR,0.0011819157,0.00012184098,-0.0010600747
flag_PA,0.001843573,0.00012009365,-0.0017234794
packet_sizes_Forward_All_Sum,0.00058885898,0.00011993164,-0.00046892734
payload_Backward_10_Skewness,5.6771368e-05,0.00011920494,+6.2433568e-05
packet_sizes_Backward_15_Q50,0.00090601628,0.00011874887,-0.00078726741
iat_Forward_10_Skewness,0.0001586268,0.00011847349,-4.0153307e-05
IAT_66,1.205948e-05,0.00011809244,+0.00010603296
iat_Backward_All_Range,0.00014237893,0.00011695679,-2.5422143e-05
packet_sizes_Forward_15_Q50,0.00054397585,0.00011629363,-0.00042768222
payload_Both_25_IQR,2.6697383e-05,0.00011591734,+8.9219961e-05
payload_Forward_All_Sample_Std,0.00061165523,0.00011539758,-0.00049625765
packet_sizes_Backward_25_Geo_Mean,5.564183e-05,0.00011539699,+5.9755162e-05
ip_total_len_lo,4.8675668e-06,0.00011522731,+0.00011035974
payload_Backward_20_Mean,0.00015490728,0.00011510639,-3.9800885e-05
iat_Forward_5_Q50,2.8960079e-05,0.00011465888,+8.5698801e-05
iat_Forward_25_Pop_Std,8.186199e-05,0.00011449745,+3.2635459e-05
packet_sizes_Backward_15_Mean,0.00058896801,0.00011444706,-0.00047452095
packet_sizes_Backward_15_Min,2.7558085e-05,0.00011359301,+8.6034927e-05
payload_Forward_15_Max,0.00038920292,0.00011159681,-0.00027760612
payload_Both_30_Skewness,0.00036896298,0.00011128723,-0.00025767575
payload_Forward_25_Q75,0.020326837,0.00011058521,-0.020216252
PSD_8,1.791696e-05,0.00011016706,+9.2250103e-05
iat_Backward_All_Variance,0.00016568307,0.00010990497,-5.57781e-05
PSD_22,0.00031870955,0.00010546689,-0.00021324266
packet_sizes_Forward_10_Q75,0.00026869933,0.00010409102,-0.00016460831
packet_sizes_Both_5_Pop_Std,1.9732918e-05,0.00010397219,+8.4239271e-05
payload_Forward_10_Variance,0.00013148045,0.00010374816,-2.7732292e-05
packet_sizes_Forward_15_Q25,0.00011416592,0.00010343672,-1.0729206e-05
packet_sizes_Both_All_Skewness,0.00098207336,0.00010204279,-0.00088003056
payload_Backward_All_Skewness,1.1165486e-06,0.00010137874,+0.00010026219
packet_sizes_Forward_10_Pop_Std,0.00065038515,0.0001010626,-0.00054932255
payload_Backward_10_Q75,0.00026277691,0.0001006338,-0.0001621431
iat_Both_10_Kurtosis,2.1857633e-05,9.9688601e-05,+7.7830968e-05
packet_sizes_Forward_15_IQR,5.0206558e-05,9.9033558e-05,+4.8827001e-05
packet_sizes_Both_10_Q75,0.0069853065,9.8151648e-05,-0.0068871548
IAT_43,0.00026109829,9.7902405e-05,-0.00016319589
payload_Both_20_Kurtosis,0.002611793,9.7780119e-05,-0.0025140129
payload_Backward_30_Range,0.00033207423,9.7516557e-05,-0.00023455767
iat_Both_30_Variance,1.5490679e-05,9.7370732e-05,+8.1880053e-05
packet_sizes_Backward_25_Q75,0.00015582889,9.6378853e-05,-5.9450038e-05
payload_Both_20_Sample_Std,7.3539581e-05,9.5455867e-05,+2.1916286e-05
iat_Both_20_Max,2.6312989e-05,9.4929669e-05,+6.861668e-05
packet_sizes_Forward_30_Pop_Std,0.00030335397,9.3786375e-05,-0.0002095676
payload_Backward_5_Q75,0,9.3542395e-05,+9.3542395e-05
iat_Backward_15_Q75,0,9.3460128e-05,+9.3460128e-05
iat_Forward_All_Range,0.00091781907,9.3418134e-05,-0.00082440094
iat_Backward_15_IQR,0.00012286092,9.3182768e-05,-2.9678154e-05
packet_sizes_Backward_15_Q75,0.00013228486,9.2175443e-05,-4.0109415e-05
payload_Both_20_Pop_Std,0.00030791094,9.2095053e-05,-0.00021581589
IAT_78,0.000308118,9.1904801e-05,-0.0002162132
IAT_88,4.873111e-06,9.1557597e-05,+8.6684486e-05
payload_Backward_All_Geo_Mean,7.8251509e-05,9.148315e-05,+1.3231641e-05
packet_sizes_Backward_30_Q75,0.00064137889,9.0377644e-05,-0.00055100124
iat_Backward_15_Sample_Std,0.0032106467,8.9512229e-05,-0.0031211345
payload_Backward_All_Pop_Std,0,8.8252927e-05,+8.8252927e-05
packet_sizes_Both_All_Mean,9.3984843e-05,8.664302e-05,-7.3418223e-06
payload_Backward_15_Sum,1.5393375e-05,8.6627836e-05,+7.123446e-05
PSD_59,8.9267241e-05,8.5208306e-05,-4.0589349e-06
packet_sizes_Backward_10_Q25,5.5731944e-06,8.4911425e-05,+7.933823e-05
PSD_38,0.00014273463,8.3911461e-05,-5.8823167e-05
payload_Both_10_Sample_Std,0.0001768307,8.2775978e-05,-9.4054726e-05
payload_Backward_15_Q25,9.2334182e-05,8.2720197e-05,-9.6139849e-06
packet_sizes_Backward_All_Sample_Std,6.0570874e-05,8.2586501e-05,+2.2015626e-05
payload_Forward_5_Q75,0.00044568422,8.1841106e-05,-0.00036384311
packet_sizes_Both_All_Range,0.00027848715,8.1486319e-05,-0.00019700083
iat_Both_25_Sample_Std,0.00010011786,8.1299232e-05,-1.8818631e-05
iat_Backward_All_Pop_Std,0.00032289577,8.1008765e-05,-0.00024188701
iat_Backward_5_Range,0,8.0441593e-05,+8.0441593e-05
packet_sizes_Both_15_Mean,0.00043381674,7.9390087e-05,-0.00035442666
iat_Backward_All_Skewness,0.00083198927,7.9085917e-05,-0.00075290335
payload_Both_10_IQR,6.2698857e-07,7.8812615e-05,+7.8185627e-05
iat_Forward_30_Pop_Std,1.9830123e-05,7.834313e-05,+5.8513007e-05
payload_Backward_30_IQR,0.00029555079,7.8212602e-05,-0.00021733819
packet_sizes_Both_All_IQR,0.00054268897,7.7935255e-05,-0.00046475371
packet_sizes_Both_20_Sample_Std,7.5742708e-05,7.6867589e-05,+1.124881e-06
packet_sizes_Forward_15_Geo_Mean,0.00015295786,7.5754413e-05,-7.7203445e-05
packet_sizes_Backward_All_Skewness,8.2824183e-05,7.5474113e-05,-7.3500699e-06
payload_Backward_All_IQR,0.00025351516,7.5140438e-05,-0.00017837472
packet_sizes_Forward_All_Mean,0.00010673181,7.5095066e-05,-3.1636748e-05
packet_sizes_Backward_5_Max,0.0001382786,7.4360094e-05,-6.3918506e-05
payload_Backward_15_Q75,0.00068052023,7.4232021e-05,-0.00060628821
packet_sizes_Forward_5_Sum,0.00022843855,7.4087544e-05,-0.000154351
payload_Forward_30_Mean,0,7.3749534e-05,+7.3749534e-05
iat_Forward_30_Mean,0.00032330821,7.3641494e-05,-0.00024966671
IAT_19,4.34789e-05,7.3202072e-05,+2.9723171e-05
flag_RA,0.00069719573,7.2970554e-05,-0.00062422518
packet_sizes_Forward_25_Q50,0.00015558629,7.2873981e-05,-8.2712308e-05
payload_Forward_30_Geo_Mean,0.00015595381,7.2396281e-05,-8.3557533e-05
iat_Forward_25_Mean,5.5287557e-05,7.177186e-05,+1.6484303e-05
packet_sizes_Forward_30_Sum,0.00065186064,7.163176e-05,-0.00058022888
IAT_91,1.1913833e-06,7.1506595e-05,+7.0315211e-05
iat_Both_All_Skewness,0.00011523332,7.1421704e-05,-4.3811619e-05
PSD_12,0.00022872801,7.1288378e-05,-0.00015743963
payload_Backward_25_Q75,0.00089564274,7.0762536e-05,-0.00082488021
packet_sizes_Both_30_Geo_Mean,1.9501448e-05,7.0508139e-05,+5.1006691e-05
Duration_Backward,1.5105926e-07,7.0282532e-05,+7.0131473e-05
iat_Both_All_Kurtosis,0.00030666804,6.8941794e-05,-0.00023772625
iat_Both_All_Max,0.00017256875,6.8907654e-05,-0.0001036611
PSD_6,8.2531251e-06,6.8866707e-05,+6.0613582e-05
payload_Both_25_Range,0.0004521638,6.6945472e-05,-0.00038521833
IAT_80,5.3802523e-06,6.6832353e-05,+6.14521e-05
iat_Both_30_Q50,2.0287489e-06,6.6791192e-05,+6.4762443e-05
payload_Both_All_Range,7.2096042e-05,6.6189818e-05,-5.9062238e-06
packet_sizes_Forward_25_Q25,5.0138553e-05,6.6175697e-05,+1.6037144e-05
iat_Backward_30_Pop_Std,1.8879146e-05,6.538472e-05,+4.6505573e-05
packet_sizes_Both_15_Q25,6.8432296e-06,6.5366005e-05,+5.8522775e-05
payload_Backward_10_Q25,0.00013642884,6.3456378e-05,-7.2972458e-05
PSD_9,0.0037700315,6.2940142e-05,-0.0037070914
packet_sizes_Backward_All_Pop_Std,0.00024680848,6.2784511e-05,-0.00018402396
ip_checksum_lo,0.00081773443,6.2750567e-05,-0.00075498387
packet_sizes_Backward_15_Skewness,0.00012558776,6.1887154e-05,-6.3700605e-05
iat_Both_25_Kurtosis,6.1303507e-05,6.1025112e-05,-2.7839577e-07
payload_Backward_25_Skewness,3.1896806e-05,6.0886188e-05,+2.8989382e-05
packet_sizes_Both_15_Q50,0,6.0629384e-05,+6.0629384e-05
packet_sizes_Forward_20_Pop_Std,7.9865857e-05,6.0330003e-05,-1.9535854e-05
flag_S,1.0465439e-05,6.0166818e-05,+4.9701379e-05
iat_Backward_25_Q50,0.00065851429,5.979993e-05,-0.00059871436
packet_sizes_Forward_25_Mean,5.0852901e-05,5.9680297e-05,+8.8273963e-06
payload_Backward_30_Kurtosis,0.00023572026,5.882125e-05,-0.00017689901
packet_sizes_Both_5_Q50,3.8457932e-06,5.7511688e-05,+5.3665894e-05
payload_Backward_25_Pop_Std,0,5.7027243e-05,+5.7027243e-05
PSD_21,0.0029989556,5.632947e-05,-0.0029426261
packet_sizes_Both_10_Q25,2.6614437e-05,5.6157898e-05,+2.9543461e-05
packet_sizes_Backward_20_Pop_Std,0,5.599434e-05,+5.599434e-05
iat_Both_25_Variance,4.5910469e-05,5.5917656e-05,+1.0007186e-05
payload_Backward_20_Sample_Std,0.00012143879,5.5519138e-05,-6.5919647e-05
iat_Both_All_Variance,1.4267083e-05,5.5351623e-05,+4.108454e-05
packet_sizes_Both_30_Mean,4.4873717e-05,5.5253953e-05,+1.0380236e-05
packet_sizes_Both_15_Kurtosis,8.0392306e-05,5.5201122e-05,-2.5191184e-05
tcp_window_hi,4.8366064e-05,5.5126398e-05,+6.7603341e-06
PSD_7,8.6343835e-05,5.5080995e-05,-3.126284e-05
PSD_54,2.9861384e-06,5.4423384e-05,+5.1437245e-05
payload_Backward_30_Max,0.0016613061,5.394752e-05,-0.0016073586
iat_Forward_15_Pop_Std,5.8660872e-05,5.334108e-05,-5.3197925e-06
payload_Both_25_Max,0.01706688,5.293308e-05,-0.017013947
payload_Backward_All_Q25,6.0186518e-05,5.2182044e-05,-8.0044737e-06
packet_sizes_Forward_25_Min,1.249446e-05,5.1890457e-05,+3.9395997e-05
packet_sizes_Both_30_Q25,2.7491016e-05,5.1704616e-05,+2.4213599e-05
IAT_38,0.00029429863,5.1371072e-05,-0.00024292756
packet_sizes_Forward_All_Kurtosis,0.00012401296,5.1114082e-05,-7.2898878e-05
PSD_42,0.00025025491,5.0514076e-05,-0.00019974084
packet_sizes_Backward_25_Range,8.5610574e-07,5.0336825e-05,+4.9480719e-05
payload_Both_All_Geo_Mean,9.342191e-05,4.9651769e-05,-4.3770141e-05
packet_sizes_Both_20_Min,9.9491985e-06,4.9596515e-05,+3.9647317e-05
packet_sizes_Forward_20_Sum,0.00042364786,4.9025865e-05,-0.000374622
IAT_4,0.00015073392,4.8343542e-05,-0.00010239038
ip_flags_frag_lo,1.9191136e-06,4.7195881e-05,+4.5276768e-05
IAT_51,1.3416612e-06,4.7115375e-05,+4.5773714e-05
packet_sizes_Forward_30_Min,1.4249503e-05,4.6710287e-05,+3.2460784e-05
IAT_95,1.3027959e-05,4.6563998e-05,+3.3536039e-05
iat_Both_20_Range,0.00028565586,4.5413777e-05,-0.00024024208
tcp_ack_b3,2.9139584e-06,4.5091096e-05,+4.2177137e-05
packet_sizes_Both_All_Q25,8.4713895e-06,4.3385692e-05,+3.4914303e-05
PSD_56,2.3725734e-06,4.286725e-05,+4.0494676e-05
PSD_46,4.8892214e-06,4.2654618e-05,+3.7765396e-05
IAT_57,1.0306093e-05,4.2234304e-05,+3.1928211e-05
packet_sizes_Backward_15_Geo_Mean,0.0010804728,4.2108449e-05,-0.0010383644
PSD_55,9.2680235e-06,4.1508929e-05,+3.2240905e-05
iat_Both_30_Kurtosis,0.035365584,4.1395971e-05,-0.035324188
packet_sizes_Both_5_Q25,0.00014870318,4.1333369e-05,-0.00010736981
IAT_27,0.0001240776,4.0972782e-05,-8.3104815e-05
payload_Forward_15_Variance,0.00030259504,4.0830836e-05,-0.0002617642
payload_Forward_20_Q50,0.00012283339,4.0191244e-05,-8.2642149e-05
iat_Backward_All_Kurtosis,1.3393487e-05,3.8940634e-05,+2.5547146e-05
packet_sizes_Both_30_Q75,0.0011682357,3.8812727e-05,-0.001129423
packet_sizes_Backward_5_Min,2.5378763e-06,3.8715696e-05,+3.6177819e-05
iat_Backward_10_IQR,0.00010776327,3.830389e-05,-6.9459382e-05
packet_sizes_Forward_All_Q25,2.7967059e-05,3.7753628e-05,+9.7865688e-06
flag_FPA,1.3253599e-05,3.7379609e-05,+2.412601e-05
iat_Forward_All_Pop_Std,0.00065697581,3.7357111e-05,-0.0006196187
PSD_97,2.2127073e-06,3.5247319e-05,+3.3034611e-05
payload_Both_25_Q25,8.6030983e-07,3.4693604e-05,+3.3833294e-05
iat_Forward_15_Sum,0.00010942236,3.4281857e-05,-7.5140507e-05
packet_sizes_Both_25_Variance,0.0001009788,3.4244596e-05,-6.6734204e-05
packet_sizes_Backward_30_Min,1.1003748e-05,3.4053847e-05,+2.3050099e-05
packet_sizes_Forward_20_Q25,5.850251e-05,3.3991379e-05,-2.4511131e-05
PSD_60,2.4956298e-06,3.3932355e-05,+3.1436725e-05
iat_Both_30_Sample_Std,5.8208382e-05,3.3847938e-05,-2.4360444e-05
payload_Backward_15_Q50,0.017186852,3.36605e-05,-0.017153191
iat_Both_30_Min,0.00026148354,3.341681e-05,-0.00022806673
packet_sizes_Both_30_Range,0.0003947071,3.3221625e-05,-0.00036148547
iat_Forward_20_Variance,3.703906e-05,3.3183572e-05,-3.8554883e-06
iat_Forward_5_Q25,0.00057503647,3.3020483e-05,-0.00054201599
packet_sizes_Both_5_Min,0.00010666626,3.2968018e-05,-7.369824e-05
PSD_86,3.5743259e-06,3.2964165e-05,+2.9389839e-05
payload_Backward_25_Sample_Std,9.2448323e-05,3.2904771e-05,-5.9543552e-05
PSD_0,7.1512304e-05,3.2897879e-05,-3.8614425e-05
iat_Backward_20_Min,0.0001250459,3.2877478e-05,-9.216842e-05
packet_sizes_Forward_15_Min,8.1389715e-06,3.2666049e-05,+2.4527077e-05
packet_sizes_Forward_5_Min,8.4642215e-06,3.2603055e-05,+2.4138833e-05
IAT_98,2.7234254e-05,3.2492985e-05,+5.2587308e-06
packet_sizes_Forward_All_Min,7.4744787e-06,3.24428e-05,+2.4968321e-05
udp_len_hi,7.8413576e-07,3.2174226e-05,+3.139009e-05
packet_sizes_Backward_15_Kurtosis,0.00012881259,3.2088752e-05,-9.6723837e-05
iat_Both_30_Mean,2.7082092e-05,3.2047613e-05,+4.9655209e-06
packet_sizes_Both_10_Min,3.9242898e-05,3.1177081e-05,-8.0658164e-06
PSD_36,0.00025263344,3.0987181e-05,-0.00022164626
IAT_46,6.1679632e-07,3.061637e-05,+2.9999574e-05
payload_Backward_20_Variance,0.00019670917,3.0292093e-05,-0.00016641708
iat_Both_15_Variance,0.0010003495,2.9834719e-05,-0.00097051478
ip_flags_frag_hi,1.3299976e-06,2.9749718e-05,+2.8419721e-05
IAT_37,7.5230741e-05,2.9705545e-05,-4.5525197e-05
packet_sizes_Backward_20_Max,0.00056726954,2.8844275e-05,-0.00053842527
packet_sizes_Both_5_Kurtosis,3.3694186e-05,2.8843474e-05,-4.8507128e-06
ip_ttl,5.9053392e-05,2.8719727e-05,-3.0333665e-05
iat_Both_20_Variance,0.00016924944,2.8532336e-05,-0.0001407171
packet_sizes_Both_All_Min,3.0460882e-05,2.8119912e-05,-2.3409702e-06
tcp_urgptr_hi,1.1908156e-06,2.7754966e-05,+2.6564151e-05
flag_SA,9.5696233e-06,2.772692e-05,+1.8157297e-05
payload_Backward_5_Sum,2.5497334e-05,2.7294913e-05,+1.7975788e-06
iat_Both_All_Pop_Std,3.2880595e-05,2.7283389e-05,-5.5972059e-06
payload_Both_15_Geo_Mean,5.1529598e-05,2.6738067e-05,-2.4791531e-05
payload_Both_20_Min,3.1895652e-07,2.6501795e-05,+2.6182839e-05
packet_sizes_Backward_5_Q75,2.0823741e-05,2.642365e-05,+5.5999089e-06
Mean_Arrived_Forward,3.7470645e-05,2.6326969e-05,-1.1143676e-05
packet_sizes_Forward_30_Q25,3.1176417e-05,2.5771865e-05,-5.4045519e-06
payload_Both_5_Q25,2.857194e-06,2.5679124e-05,+2.282193e-05
packet_sizes_Forward_20_Sample_Std,7.0686483e-05,2.5483068e-05,-4.5203415e-05
packet_sizes_Both_30_Sum,0.00011506633,2.5361881e-05,-8.9704452e-05
payload_Both_10_Min,9.5598153e-07,2.5212435e-05,+2.4256453e-05
packet_sizes_Both_20_Q25,9.9230452e-06,2.4806772e-05,+1.4883726e-05
packet_sizes_Forward_30_Mean,0.0028688283,2.4777086e-05,-0.0028440512
iat_Backward_30_Range,0.00022184267,2.4609758e-05,-0.00019723292
iat_Both_All_Sample_Std,0.00011627161,2.4537934e-05,-9.173368e-05
iat_Backward_30_Skewness,0.00016451789,2.3431335e-05,-0.00014108656
udp_len_lo,3.8071546e-06,2.3372727e-05,+1.9565573e-05
udp_checksum_lo,2.2994956e-06,2.320628e-05,+2.0906784e-05
packet_sizes_Backward_25_Min,2.9860646e-05,2.268791e-05,-7.1727353e-06
packet_sizes_Both_15_Sample_Std,0.00026393165,2.2433214e-05,-0.00024149843
packet_sizes_Forward_5_Q25,4.6945919e-05,2.2278529e-05,-2.4667389e-05
iat_Forward_10_Min,0.00070553819,2.1810117e-05,-0.00068372807
PSD_70,5.5203935e-05,2.1595133e-05,-3.3608801e-05
payload_Both_30_Geo_Mean,0.00020144952,2.1414756e-05,-0.00018003476
packet_sizes_Backward_25_Max,0,2.1344957e-05,+2.1344957e-05
PSD_47,2.7382063e-06,2.1269933e-05,+1.8531727e-05
payload_Backward_10_Range,0.00012446197,2.0929614e-05,-0.00010353236
ip_ver_ihl,9.4486133e-06,2.0898792e-05,+1.1450179e-05
iat_Both_15_Min,0.001042189,2.086447e-05,-0.0010213245
PSD_92,8.7761739e-06,2.0757707e-05,+1.1981533e-05
Bps_Both,7.8829889e-06,2.0655857e-05,+1.2772868e-05
PSD_51,1.8960353e-06,2.0416519e-05,+1.8520484e-05
ip_dsfield,9.4861103e-07,2.0356334e-05,+1.9407723e-05
iat_Forward_20_Min,0.00020891185,1.9845742e-05,-0.0001890661
IAT_75,1.3078769e-06,1.9573502e-05,+1.8265625e-05
payload_Both_20_Q25,4.6450487e-06,1.9495692e-05,+1.4850644e-05
tcp_window_lo,3.2447894e-05,1.9273797e-05,-1.3174097e-05
PSD_64,0.0035224693,1.9245575e-05,-0.0035032238
packet_sizes_Forward_30_Sample_Std,0.00010716898,1.9239794e-05,-8.7929185e-05
IAT_56,1.2510552e-06,1.9192868e-05,+1.7941813e-05
payload_Backward_10_Min,0,1.9153626e-05,+1.9153626e-05
PSD_49,1.1052623e-06,1.8933584e-05,+1.7828322e-05
packet_sizes_Both_10_Q50,0.00018618699,1.8803877e-05,-0.00016738311
PSD_44,0.00033414477,1.8751247e-05,-0.00031539352
packet_sizes_Backward_All_Q50,0.0002992132,1.8521336e-05,-0.00028069186
ip_id_lo,0.00096356601,1.830123e-05,-0.00094526478
PSD_69,9.056596e-05,1.7684452e-05,-7.2881508e-05
IAT_50,3.3974245e-06,1.7632079e-05,+1.4234654e-05
packet_sizes_Backward_All_Max,0.00043010071,1.756846e-05,-0.00041253225
packet_sizes_Forward_10_Min,6.0480522e-06,1.738183e-05,+1.1333778e-05
PSD_48,3.5693753e-06,1.733682e-05,+1.3767444e-05
iat_Backward_30_IQR,0.001978312,1.6509383e-05,-0.0019618027
payload_Both_15_Q25,2.1246402e-06,1.6173709e-05,+1.4049068e-05
PSD_79,7.7053161e-07,1.5874495e-05,+1.5103963e-05
iat_Backward_5_Max,0,1.5779411e-05,+1.5779411e-05
IAT_61,2.1069888e-06,1.5474686e-05,+1.3367697e-05
PSD_29,9.3861065e-05,1.5249089e-05,-7.8611977e-05
packet_sizes_Both_30_Min,1.2636995e-05,1.5203697e-05,+2.5667022e-06
iat_Backward_5_Sum,5.3438747e-05,1.5192604e-05,-3.8246144e-05
payload_Both_15_Min,5.4158242e-07,1.4949631e-05,+1.4408049e-05
IAT_44,9.6191726e-07,1.4762817e-05,+1.3800899e-05
packet_sizes_Forward_20_Min,1.6301594e-05,1.4457836e-05,-1.843758e-06
iat_Both_5_Range,0.00013466255,1.4389061e-05,-0.00012027349
payload_Forward_5_Mean,0.0016535738,1.4317563e-05,-0.0016392562
tcp_ack_b1,1.7505248e-06,1.3433032e-05,+1.1682508e-05
iat_Backward_10_Skewness,2.6712994e-05,1.3293336e-05,-1.3419658e-05
packet_sizes_Backward_5_Kurtosis,0,1.3031507e-05,+1.3031507e-05
IAT_54,0.00032726282,1.3028014e-05,-0.00031423481
iat_Forward_25_Min,0.00021089514,1.2969645e-05,-0.0001979255
payload_Both_30_Q25,1.0447293e-06,1.289579e-05,+1.1851061e-05
IAT_90,4.9425585e-06,1.2343137e-05,+7.4005781e-06
IAT_77,0.00037144224,1.2237887e-05,-0.00035920435
PSD_4,0.0001375095,1.2196159e-05,-0.00012531334
payload_Both_15_Sum,0.039800096,1.2094671e-05,-0.039788001
packet_sizes_Backward_10_Min,1.1100866e-05,1.207194e-05,+9.7107345e-07
PSD_23,3.3441315e-05,1.2055201e-05,-2.1386115e-05
payload_Both_10_Q75,0.00039857492,1.1882317e-05,-0.0003866926
PSD_57,2.3326941e-06,1.1454826e-05,+9.1221317e-06
PSD_80,1.5591446e-06,1.1343059e-05,+9.7839149e-06
payload_Both_30_Q50,0.00011085343,1.1289058e-05,-9.9564376e-05
tcp_seq_b1,0.0027954157,1.1184312e-05,-0.0027842314
IAT_82,1.0435309e-05,1.1149328e-05,+7.140194e-07
packet_sizes_Backward_20_Min,1.1007335e-05,1.1079983e-05,+7.2647995e-08
iat_Both_All_Min,0.00010891755,1.0998597e-05,-9.7918955e-05
packet_sizes_Both_10_Skewness,0.0035228974,1.0692425e-05,-0.0035122049
payload_Both_10_Q25,3.493677e-06,1.040978e-05,+6.9161028e-06
iat_Backward_5_Mean,0.00051510025,1.0081138e-05,-0.00050501912
packet_sizes_Backward_All_Min,9.2764253e-07,1.0026856e-05,+9.0992137e-06
PSD_58,9.5340971e-05,9.9728575e-06,-8.5368113e-05
payload_Forward_15_Q50,0.00025021482,9.7680325e-06,-0.00024044679
tcp_header_len,1.5653773e-05,9.6931888e-06,-5.9605846e-06
tcp_urgptr_lo,1.4386606e-06,9.6862555e-06,+8.2475949e-06
IAT_52,4.6529945e-06,9.3453736e-06,+4.692379e-06
PSD_2,1.8958133e-05,8.9990668e-06,-9.9590663e-06
PSD_91,0.020609622,8.8310543e-06,-0.020600791
IAT_64,7.469715e-07,8.7400316e-06,+7.9930601e-06
PSD_85,1.0857195e-06,8.7380657e-06,+7.6523462e-06
tcp_checksum_hi,0.00024997275,8.4941794e-06,-0.00024147857
payload_Both_All_Q25,4.4643243e-05,8.4807346e-06,-3.6162508e-05
iat_Forward_30_Min,0.00093696082,8.4760124e-06,-0.00092848481
IAT_24,0.00026766635,8.4317946e-06,-0.00025923456
payload_Both_15_Q50,1.5867203e-05,8.3069438e-06,-7.5602588e-06
iat_Forward_15_Min,5.3940631e-05,8.225082e-06,-4.5715549e-05
PSD_82,1.6399367e-05,8.1476073e-06,-8.2517593e-06
IAT_84,1.3306597e-05,8.1466498e-06,-5.1599476e-06
udp_checksum_hi,2.2787887e-06,8.0604971e-06,+5.7817084e-06
payload_Both_5_Min,3.7228024e-07,7.9932599e-06,+7.6209797e-06
ip_total_len_hi,1.6402104e-06,7.9358672e-06,+6.2956569e-06
PSD_90,0.00040729467,7.929621e-06,-0.00039936505
PSD_53,4.1411445e-05,7.9187321e-06,-3.3492713e-05
tcp_ack_b2,2.4868642e-06,7.8076081e-06,+5.3207439e-06
packet_sizes_Backward_5_Variance,0.00091153042,7.7999709e-06,-0.00090373045
PSD_16,0.0012001136,7.7901118e-06,-0.0011923235
iat_Both_10_Min,0.0058100451,7.6439824e-06,-0.0058024011
iat_Backward_25_Min,4.540656e-05,7.5183262e-06,-3.7888234e-05
tcp_ack_b0,3.5918933e-06,7.496567e-06,+3.9046737e-06
PSD_99,9.4918454e-05,7.0913058e-06,-8.7827148e-05
IAT_49,9.7263185e-05,6.5541666e-06,-9.0709018e-05
flag_F,1.8414643e-06,6.2584815e-06,+4.4170172e-06
packet_sizes_Both_15_Min,1.7294435e-05,6.1900138e-06,-1.1104421e-05
PSD_20,0.00032513729,6.0526552e-06,-0.00031908463
payload_Both_30_Min,2.5561266e-06,5.0422187e-06,+2.4860921e-06
IAT_86,1.0722802e-05,5.0349213e-06,-5.6878806e-06
IAT_63,2.297048e-06,4.6952303e-06,+2.3981823e-06
IAT_48,0.00034429115,4.6841572e-06,-0.00033960699
iat_Backward_10_Variance,4.5159491e-05,4.4560255e-06,-4.0703466e-05
payload_Both_All_Min,5.5969973e-06,4.4414279e-06,-1.1555694e-06
payload_Both_5_Q50,1.677167e-06,4.2358976e-06,+2.5587306e-06
IAT_26,0.0011771215,3.9733008e-06,-0.0011731482
payload_Both_10_Q50,2.451004e-06,3.6328081e-06,+1.1818042e-06
payload_Forward_30_Variance,0.00026200938,3.5462514e-06,-0.00025846312
packet_sizes_Backward_20_Q25,0,3.2806972e-06,+3.2806972e-06
PSD_75,8.1661935e-06,3.2470558e-06,-4.9191377e-06
iat_Both_20_Min,7.5868205e-05,3.1599841e-06,-7.2708221e-05
payload_Both_25_Min,3.3674878e-06,2.6522128e-06,-7.1527502e-07
packet_sizes_Forward_10_Max,0.0010872057,2.618201e-06,-0.0010845875
iat_Both_10_Max,4.7578543e-05,2.5393385e-06,-4.5039204e-05
tcp_seq_b2,0.00035837918,2.4736946e-06,-0.00035590549
IAT_45,2.585833e-06,2.2667238e-06,-3.1910917e-07
IAT_23,4.5060837e-05,1.6273279e-06,-4.3433509e-05
IAT_79,1.927598e-06,1.5046887e-06,-4.2290929e-07
packet_sizes_Both_All_Variance,0,1.4315802e-06,+1.4315802e-06
iat_Backward_5_Q75,8.2920018e-05,1.2877207e-06,-8.1632297e-05
PSD_43,0.0001870928,1.122288e-06,-0.00018597051
payload_Forward_30_Max,0,4.3918657e-07,+4.3918657e-07
payload_Forward_20_Skewness,0.00047901429,1.862551e-07,-0.00047882804
packet_sizes_Forward_5_Skewness,0,1.6882412e-07,+1.6882412e-07
packet_sizes_Backward_5_Geo_Mean,8.3508738e-05,0,-8.3508738e-05
IAT_87,0.0078967839,0,-0.0078967839
payload_Forward_30_Sum,0.00030350608,0,-0.00030350608
packet_sizes_Backward_5_Mean,0,0,+0
payload_Forward_10_Sum,4.4613741e-05,0,-4.4613741e-05
iat_Backward_5_Pop_Std,0,0,+0
packet_sizes_Backward_5_IQR,0,0,+0
payload_Both_20_Q75,0.0012106161,0,-0.0012106161
iat_Backward_5_Variance,0,0,+0
iat_Both_All_Range,0.00024833276,0,-0.00024833276
packet_sizes_Both_10_Sample_Std,0,0,+0
iat_Forward_10_Pop_Std,0.0010011001,0,-0.0010011001
payload_Backward_10_Max,0.0001542885,0,-0.0001542885
packet_sizes_Both_5_Skewness,3.3513303e-05,0,-3.3513303e-05
payload_Both_10_Pop_Std,0.00016075799,0,-0.00016075799
iat_Backward_25_Sum,8.6122597e-07,0,-8.6122597e-07
iat_Backward_5_Sample_Std,0,0,+0
packet_sizes_Backward_All_Q25,0.0006263263,0,-0.0006263263
packet_sizes_Backward_5_Sample_Std,3.8170926e-05,0,-3.8170926e-05
payload_Backward_All_Sum,0,0,+0
PSD_93,1.1673713e-06,0,-1.1673713e-06
payload_Both_30_Sample_Std,0,0,+0
packet_sizes_Backward_10_Kurtosis,0.0021677966,0,-0.0021677966
packet_sizes_Backward_5_Pop_Std,0.0016935919,0,-0.0016935919
payload_Forward_25_Skewness,0.00020877054,0,-0.00020877054
PSD_45,1.1047498e-06,0,-1.1047498e-06
iat_Both_10_Sum,9.4306478e-05,0,-9.4306478e-05
packet_sizes_Backward_5_Q50,0.00025619831,0,-0.00025619831
payload_Backward_5_Q50,0.019007088,0,-0.019007088
packet_sizes_Backward_5_Sum,0,0,+0
iat_Backward_30_Max,2.9782134e-05,0,-2.9782134e-05
payload_Both_10_Skewness,0.00034479088,0,-0.00034479088
payload_Backward_30_Sum,0.00014951689,0,-0.00014951689
payload_Forward_15_Pop_Std,0.00014585998,0,-0.00014585998
iat_Backward_20_Q75,0.00063133302,0,-0.00063133302
packet_sizes_Backward_10_Variance,0.0082626398,0,-0.0082626398
payload_Both_All_IQR,0.00014808575,0,-0.00014808575
iat_Forward_All_Q50,0.0048243366,0,-0.0048243366
packet_sizes_Both_5_Sample_Std,0.0001190807,0,-0.0001190807
payload_Backward_5_Mean,0,0,+0
payload_Forward_5_Max,0.00019419261,0,-0.00019419261
payload_Backward_15_Variance,0.0002380512,0,-0.0002380512
packet_sizes_Forward_5_Kurtosis,0,0,+0
iat_Both_30_Pop_Std,4.1581639e-05,0,-4.1581639e-05
packet_sizes_Backward_5_Skewness,0,0,+0
PSD_65,0.0014673045,0,-0.0014673045
payload_Forward_All_Min,5.838289e-05,0,-5.838289e-05
payload_Both_20_Sum,0.0026433266,0,-0.0026433266
iat_Backward_20_Sum,6.2004329e-05,0,-6.2004329e-05
packet_sizes_Backward_25_Sum,7.0086345e-05,0,-7.0086345e-05
packet_sizes_Backward_All_Mean,0.00013722055,0,-0.00013722055
payload_Forward_15_Q25,0,0,+0
payload_Forward_15_Skewness,0.00024452485,0,-0.00024452485
packet_sizes_Backward_30_Pop_Std,0.0076413986,0,-0.0076413986
payload_Backward_20_Sum,1.1992677e-06,0,-1.1992677e-06
payload_Forward_25_Q25,0.00023183224,0,-0.00023183224
packet_sizes_Backward_15_Variance,0.00018043004,0,-0.00018043004
packet_sizes_Backward_10_Sum,0,0,+0
packet_sizes_Both_10_IQR,0.0079526315,0,-0.0079526315
payload_Forward_15_Min,9.060111e-05,0,-9.060111e-05
payload_Forward_All_Q25,0,0,+0
packet_sizes_Backward_15_Pop_Std,0.00054295747,0,-0.00054295747
iat_Backward_All_IQR,0.0021958349,0,-0.0021958349
payload_Both_10_Variance,0.0067331061,0,-0.0067331061
payload_Forward_10_Q75,0,0,+0
packet_sizes_Both_5_Sum,0,0,+0
iat_Backward_25_Q75,0.00086357679,0,-0.00086357679
packet_sizes_Backward_All_Sum,2.8612597e-07,0,-2.8612597e-07
iat_Backward_5_IQR,0,0,+0
