round,train_mlogloss,test_mlogloss
0,2.464173,2.45664
1,2.438229,2.430702
2,2.41296,2.405444
3,2.388241,2.380776
4,2.364151,2.356719
5,2.340492,2.333105
6,2.317512,2.310152
7,2.295065,2.287706
8,2.273239,2.265938
9,2.251847,2.244469
10,2.230994,2.223676
11,2.210472,2.203258
12,2.190596,2.183317
13,2.170746,2.163495
14,2.151394,2.14418
15,2.132797,2.125685
16,2.114548,2.107372
17,2.096371,2.089236
18,2.078632,2.071456
19,2.061147,2.054055
20,2.044116,2.037038
21,2.027318,2.020241
22,2.010705,2.003685
23,1.994535,1.987525
24,1.978579,1.971664
25,1.962977,1.956031
26,1.947528,1.940638
27,1.932282,1.925467
28,1.917276,1.910482
29,1.902603,1.895684
30,1.888013,1.881115
31,1.873779,1.866994
32,1.85963,1.852904
33,1.845765,1.839102
34,1.832194,1.825568
35,1.81863,1.811986
36,1.805392,1.798771
37,1.792362,1.785733
38,1.779347,1.772766
39,1.766619,1.760093
40,1.754042,1.747571
41,1.741792,1.735328
42,1.729722,1.723346
43,1.717743,1.711431
44,1.705875,1.699594
45,1.69414,1.687874
46,1.682494,1.676263
47,1.67109,1.664832
48,1.659766,1.653522
49,1.648516,1.642287
50,1.637559,1.631279
51,1.626577,1.620335
52,1.615843,1.609703
53,1.605185,1.599093
54,1.594698,1.58864
55,1.584301,1.5783
56,1.574009,1.568018
57,1.563898,1.557918
58,1.55389,1.547984
59,1.543954,1.537979
60,1.534134,1.528189
61,1.524444,1.518537
62,1.514851,1.509013
63,1.505307,1.499481
64,1.495858,1.490114
65,1.486562,1.480805
66,1.477363,1.471622
67,1.468266,1.462509
68,1.459311,1.453551
69,1.450371,1.444611
70,1.441534,1.435758
71,1.432808,1.427002
72,1.424103,1.418357
73,1.415573,1.40987
74,1.407148,1.401502
75,1.398769,1.393209
76,1.390541,1.385014
77,1.382349,1.376844
78,1.37425,1.368759
79,1.366192,1.360746
80,1.358237,1.352777
81,1.350233,1.344812
82,1.342404,1.336986
83,1.334619,1.329251
84,1.326855,1.321507
85,1.319185,1.313846
86,1.311692,1.306352
87,1.304274,1.298943
88,1.296841,1.291516
89,1.289512,1.28422
90,1.282221,1.276967
91,1.27501,1.269746
92,1.267854,1.262612
93,1.260782,1.255553
94,1.253776,1.248611
95,1.246769,1.241656
96,1.239874,1.234785
97,1.233054,1.227993
98,1.226217,1.221152
99,1.219477,1.214427
100,1.212717,1.207683
101,1.206032,1.201007
102,1.199399,1.194397
103,1.192949,1.187973
104,1.186488,1.181541
105,1.180044,1.175142
106,1.173672,1.168808
107,1.167405,1.162536
108,1.16115,1.156314
109,1.154952,1.150128
110,1.148832,1.143985
111,1.142749,1.137916
112,1.136679,1.131869
113,1.130698,1.125905
114,1.124715,1.119956
115,1.11875,1.114037
116,1.112856,1.108174
117,1.107033,1.102394
118,1.101245,1.09663
119,1.095529,1.090895
120,1.089884,1.085264
121,1.084243,1.079647
122,1.078554,1.074001
123,1.073015,1.068487
124,1.067526,1.063034
125,1.061985,1.05755
126,1.056556,1.052125
127,1.051147,1.046708
128,1.045765,1.041346
129,1.040491,1.036073
130,1.035148,1.030712
131,1.029863,1.025416
132,1.024639,1.020215
133,1.0195,1.015115
134,1.0144,1.010052
135,1.009269,1.004916
136,1.004256,0.999924
137,0.999249,0.994926
138,0.994212,0.98992
139,0.989325,0.985025
140,0.984425,0.980158
141,0.979588,0.975357
142,0.974712,0.970509
143,0.969932,0.96577
144,0.965227,0.961055
145,0.960482,0.956327
146,0.955772,0.951623
147,0.950992,0.94691
148,0.946334,0.942265
149,0.941691,0.937654
150,0.937077,0.933073
151,0.932468,0.928492
152,0.927922,0.923935
153,0.923417,0.919435
154,0.918985,0.91502
155,0.914524,0.910535
156,0.910106,0.906129
157,0.90571,0.901723
158,0.901349,0.897374
159,0.896981,0.893026
160,0.892649,0.888692
161,0.888369,0.884435
162,0.884116,0.880205
163,0.879902,0.875997
164,0.875727,0.871828
165,0.871556,0.867652
166,0.8674,0.863497
167,0.863296,0.859425
168,0.859221,0.855367
169,0.855203,0.85137
170,0.851155,0.847336
171,0.847163,0.843355
172,0.843122,0.839334
173,0.839148,0.835363
174,0.835209,0.831458
175,0.831301,0.827543
176,0.827454,0.823677
177,0.823567,0.819788
178,0.819721,0.815978
179,0.81588,0.812157
180,0.812098,0.80837
181,0.808325,0.804597
182,0.804595,0.800866
183,0.800878,0.797142
184,0.797191,0.793474
185,0.793529,0.789828
186,0.789846,0.786137
187,0.786223,0.782519
188,0.78265,0.778943
189,0.779087,0.775395
190,0.775561,0.771853
191,0.772068,0.768387
192,0.768595,0.76493
193,0.765082,0.761411
194,0.761655,0.75797
195,0.758223,0.754531
196,0.75482,0.75113
197,0.751418,0.747741
198,0.748001,0.744311
199,0.74466,0.740985
200,0.741354,0.737696
201,0.738066,0.734415
202,0.734774,0.731122
203,0.731496,0.727846
204,0.72826,0.724638
205,0.724951,0.721371
206,0.72176,0.718201
207,0.71856,0.715018
208,0.71541,0.71187
209,0.712237,0.708689
210,0.709081,0.705557
211,0.705978,0.702465
212,0.70288,0.699371
213,0.69978,0.696269
214,0.696693,0.693182
215,0.693673,0.690171
216,0.69063,0.687117
217,0.687607,0.684117
218,0.684603,0.681115
219,0.681666,0.678177
220,0.678698,0.675191
221,0.675762,0.672246
222,0.672828,0.669322
223,0.669935,0.666418
224,0.667057,0.663534
225,0.664216,0.660696
226,0.661338,0.657845
227,0.658498,0.655009
228,0.655677,0.652193
229,0.652888,0.649391
230,0.65006,0.64661
231,0.647303,0.643871
232,0.644526,0.641117
233,0.641791,0.638363
234,0.639073,0.635645
235,0.636355,0.632925
236,0.633693,0.630258
237,0.630958,0.627532
238,0.628306,0.624871
239,0.625696,0.622281
240,0.623062,0.619656
241,0.620417,0.616993
242,0.617852,0.614445
243,0.61525,0.611832
244,0.61269,0.609293
245,0.610141,0.606737
246,0.607609,0.604205
247,0.605064,0.60168
248,0.60256,0.599183
249,0.600087,0.596702
250,0.597577,0.594182
251,0.595102,0.591707
252,0.59263,0.589233
253,0.590204,0.586809
254,0.587794,0.584389
255,0.585364,0.581959
256,0.582959,0.579548
257,0.580562,0.577148
258,0.578145,0.574735
259,0.575784,0.572379
260,0.573433,0.570043
261,0.571107,0.567734
262,0.568777,0.565405
263,0.566455,0.563097
264,0.564145,0.560789
265,0.561862,0.558498
266,0.55962,0.556259
267,0.557379,0.554018
268,0.555135,0.551774
269,0.552906,0.549533
270,0.550718,0.547368
271,0.548527,0.545181
272,0.546341,0.542985
273,0.544161,0.540811
274,0.541992,0.538643
275,0.53982,0.536471
276,0.537682,0.534344
277,0.535535,0.532199
278,0.533408,0.530059
279,0.531312,0.527979
280,0.529208,0.525878
281,0.527142,0.523804
282,0.525065,0.521733
283,0.522977,0.519644
284,0.520914,0.517567
285,0.518868,0.515512
286,0.516851,0.513502
287,0.514796,0.511451
288,0.5128,0.509467
289,0.510792,0.507442
290,0.508817,0.50549
291,0.506845,0.503521
292,0.504888,0.501579
293,0.502951,0.499637
294,0.501015,0.497708
295,0.499085,0.495789
296,0.497171,0.493866
297,0.495241,0.491929
298,0.493352,0.490057
299,0.49147,0.488177
300,0.489619,0.486314
301,0.487775,0.484458
302,0.485897,0.482572
303,0.484035,0.480713
304,0.482196,0.47888
305,0.480343,0.477028
306,0.478504,0.475195
307,0.476701,0.473398
308,0.474909,0.471621
309,0.473079,0.46981
310,0.471296,0.468031
311,0.46955,0.466315
312,0.467778,0.464566
313,0.466039,0.462834
314,0.464303,0.461113
315,0.462576,0.459387
316,0.460864,0.457677
317,0.459166,0.455971
318,0.457437,0.454245
319,0.45574,0.452544
320,0.454055,0.45086
321,0.45236,0.449163
322,0.450671,0.447475
323,0.448997,0.445824
324,0.447369,0.444199
325,0.445763,0.442594
326,0.444126,0.440961
327,0.442514,0.439345
328,0.440881,0.43771
329,0.439282,0.436119
330,0.437661,0.434512
331,0.436057,0.432914
332,0.434511,0.431375
333,0.432931,0.429785
334,0.431342,0.428196
335,0.429776,0.42664
336,0.428225,0.425083
337,0.426701,0.423548
338,0.425139,0.422002
339,0.423608,0.420478
340,0.42209,0.418955
341,0.4206,0.417475
342,0.41911,0.415987
343,0.417597,0.414487
344,0.416086,0.412988
345,0.414615,0.411518
346,0.413143,0.410044
347,0.411679,0.408592
348,0.410202,0.40712
349,0.408749,0.405675
350,0.407277,0.404217
351,0.405865,0.40281
352,0.404457,0.401396
353,0.403017,0.399971
354,0.401603,0.398559
355,0.400179,0.397137
356,0.398796,0.395753
357,0.397389,0.394354
358,0.396028,0.392992
359,0.394679,0.391645
360,0.3933,0.390271
361,0.391926,0.388899
362,0.390584,0.38756
363,0.389222,0.386204
364,0.387883,0.384864
365,0.386566,0.38354
366,0.385216,0.382186
367,0.383896,0.380866
368,0.38257,0.379549
369,0.381279,0.378259
370,0.379977,0.376964
371,0.378692,0.375677
372,0.377417,0.374409
373,0.376155,0.373147
374,0.374885,0.371884
375,0.373613,0.370614
376,0.372347,0.369355
377,0.371086,0.368088
378,0.369805,0.366814
379,0.368567,0.365578
380,0.367328,0.364341
381,0.366104,0.36312
382,0.364891,0.361917
383,0.363674,0.36071
384,0.36244,0.35947
385,0.361218,0.358254
386,0.360002,0.357043
387,0.3588,0.355849
388,0.357621,0.354666
389,0.356452,0.353497
390,0.355256,0.352299
391,0.354095,0.351136
392,0.352942,0.349989
393,0.351798,0.348864
394,0.350656,0.347723
395,0.349517,0.346584
396,0.348389,0.34546
397,0.34727,0.344337
398,0.346144,0.3432
399,0.345031,0.342092
400,0.343918,0.340974
401,0.34279,0.339851
402,0.341697,0.338764
403,0.340587,0.33767
404,0.339476,0.336566
405,0.338391,0.335489
406,0.337306,0.334403
407,0.336211,0.33331
408,0.335105,0.332203
409,0.334037,0.33113
410,0.33298,0.33007
411,0.331897,0.328989
412,0.330844,0.327933
413,0.32982,0.326907
414,0.328775,0.325861
415,0.327743,0.324825
416,0.326707,0.323801
417,0.325686,0.322774
418,0.324662,0.321755
419,0.323629,0.320718
420,0.322601,0.319703
421,0.321568,0.318686
422,0.320553,0.317668
423,0.319568,0.316679
424,0.318584,0.315697
425,0.317616,0.314728
426,0.316629,0.313748
427,0.31567,0.312794
428,0.31469,0.311798
429,0.313742,0.310855
430,0.31279,0.309899
431,0.311814,0.308936
432,0.310858,0.307972
433,0.30991,0.307031
434,0.308944,0.306065
435,0.308006,0.305128
436,0.307085,0.304211
437,0.306172,0.303293
438,0.305242,0.302363
439,0.304312,0.30143
440,0.303392,0.300507
441,0.302465,0.299582
442,0.301533,0.298654
443,0.300656,0.297792
444,0.299771,0.296909
445,0.298881,0.29603
446,0.297968,0.295123
447,0.297077,0.294244
448,0.296208,0.293368
449,0.295342,0.29251
450,0.294479,0.291657
451,0.293606,0.290777
452,0.292731,0.289901
453,0.291873,0.289046
454,0.291022,0.288198
455,0.290181,0.287366
456,0.289337,0.286528
457,0.288507,0.285704
458,0.287677,0.284888
459,0.286841,0.284055
460,0.286035,0.283247
461,0.285219,0.282443
462,0.284379,0.281597
463,0.283568,0.28079
464,0.282757,0.279985
465,0.281951,0.27919
466,0.281117,0.278356
467,0.280312,0.277562
468,0.27952,0.27677
469,0.278732,0.275989
470,0.277943,0.275191
471,0.277152,0.274391
472,0.27638,0.273626
473,0.275573,0.272821
474,0.274794,0.272041
475,0.274029,0.271276
476,0.273257,0.2705
477,0.272498,0.269745
478,0.271765,0.26901
479,0.27101,0.268251
480,0.27028,0.267532
481,0.269526,0.266786
482,0.268787,0.266056
483,0.268026,0.265298
484,0.267288,0.264567
485,0.266541,0.263824
486,0.26581,0.263093
487,0.265072,0.262362
488,0.26435,0.261641
489,0.263662,0.260958
490,0.262941,0.260239
491,0.262235,0.25953
492,0.26152,0.258824
493,0.260802,0.25811
494,0.2601,0.2574
495,0.259391,0.256689
496,0.2587,0.256001
497,0.257996,0.255296
498,0.257305,0.254613
499,0.256631,0.25394
500,0.255928,0.253243
501,0.255258,0.25258
502,0.254572,0.251899
503,0.253892,0.251217
504,0.253188,0.250515
505,0.252523,0.249853
506,0.251859,0.249183
507,0.251213,0.248535
508,0.250564,0.247884
509,0.249906,0.24723
510,0.249275,0.246594
511,0.24864,0.245955
512,0.247996,0.245309
513,0.24737,0.244688
514,0.246714,0.24403
515,0.246072,0.243384
516,0.245445,0.242762
517,0.244794,0.242118
518,0.244174,0.241504
519,0.243542,0.240871
520,0.242925,0.240256
521,0.242287,0.239617
522,0.241685,0.239014
523,0.241075,0.238406
524,0.240462,0.237803
525,0.239878,0.23721
526,0.239253,0.236593
527,0.238639,0.235987
528,0.238041,0.235389
529,0.237448,0.234803
530,0.236871,0.234231
531,0.236277,0.233654
532,0.235662,0.233051
533,0.235086,0.232478
534,0.234493,0.231893
535,0.233899,0.231307
536,0.233325,0.23074
537,0.232755,0.23017
538,0.232216,0.229628
539,0.231638,0.229064
540,0.231067,0.228505
541,0.230481,0.227927
542,0.229906,0.22736
543,0.22936,0.226809
544,0.228828,0.226285
545,0.228297,0.225759
546,0.227743,0.225221
547,0.227192,0.224664
548,0.226634,0.224106
549,0.226089,0.223558
550,0.225567,0.223044
551,0.225025,0.222505
552,0.224486,0.221969
553,0.223967,0.221453
554,0.223466,0.220946
555,0.222947,0.220436
556,0.222426,0.219922
557,0.221899,0.219398
558,0.221385,0.218889
559,0.220852,0.218367
560,0.220337,0.217857
561,0.219829,0.217349
562,0.219336,0.21686
563,0.218808,0.216317
564,0.218308,0.215819
565,0.217796,0.215312
566,0.21732,0.214835
567,0.21682,0.214345
568,0.216316,0.213845
569,0.215821,0.21336
570,0.215326,0.212868
571,0.214829,0.212363
572,0.214332,0.211873
573,0.213834,0.211378
574,0.213345,0.210896
575,0.21288,0.210434
576,0.212404,0.20997
577,0.211927,0.209492
578,0.211442,0.209005
579,0.210984,0.208551
580,0.210523,0.208098
581,0.210082,0.20766
582,0.209626,0.207216
583,0.20915,0.206745
584,0.208715,0.20631
585,0.208262,0.205873
586,0.207817,0.205434
587,0.20738,0.204998
588,0.206947,0.20457
589,0.206492,0.204123
590,0.206051,0.203689
591,0.205619,0.203259
592,0.20518,0.202823
593,0.204744,0.202384
594,0.204324,0.201971
595,0.203882,0.201541
596,0.203456,0.201116
597,0.203036,0.200702
598,0.202591,0.20026
599,0.202184,0.199851
600,0.20177,0.199446
601,0.201331,0.199004
602,0.200909,0.198594
603,0.200491,0.198179
604,0.20009,0.197794
605,0.19968,0.197397
606,0.199259,0.196981
607,0.198852,0.196575
608,0.198453,0.196176
609,0.198052,0.195786
610,0.197643,0.195382
611,0.197231,0.194969
612,0.196837,0.194576
613,0.196446,0.194185
614,0.196062,0.193812
615,0.195666,0.193424
616,0.195254,0.193024
617,0.194863,0.192636
618,0.194487,0.192268
619,0.194104,0.19189
620,0.193734,0.191521
621,0.193356,0.191144
622,0.192992,0.190775
623,0.192616,0.190404
624,0.19224,0.19004
625,0.19187,0.189677
626,0.191498,0.189316
627,0.191148,0.188969
628,0.190762,0.188586
629,0.190376,0.188204
630,0.190011,0.187841
631,0.18964,0.187488
632,0.189296,0.187162
633,0.188937,0.186811
634,0.188574,0.186444
635,0.188225,0.186102
636,0.187885,0.185762
637,0.187543,0.185421
638,0.187201,0.185087
639,0.186855,0.184742
640,0.186501,0.184387
641,0.18617,0.18406
642,0.185824,0.183717
643,0.185493,0.183392
644,0.18516,0.183065
645,0.184833,0.182748
646,0.184491,0.182402
647,0.184174,0.182094
648,0.183829,0.181756
649,0.183493,0.181431
650,0.183163,0.181111
651,0.182843,0.180791
652,0.182534,0.180482
653,0.182208,0.180163
654,0.181894,0.179856
655,0.181556,0.179523
656,0.181235,0.179206
657,0.180922,0.178893
658,0.18062,0.178592
659,0.180285,0.178282
660,0.179976,0.177979
661,0.179656,0.177664
662,0.179333,0.177338
663,0.179022,0.177031
664,0.178709,0.176726
665,0.178393,0.176421
666,0.178091,0.17612
667,0.177788,0.175822
668,0.177448,0.175485
669,0.177135,0.175175
670,0.176837,0.174884
671,0.176544,0.174599
672,0.176254,0.174314
673,0.17596,0.174018
674,0.175678,0.173742
675,0.175389,0.173457
676,0.175101,0.173173
677,0.174815,0.172894
678,0.174513,0.172597
679,0.174239,0.172324
680,0.173935,0.17202
681,0.17365,0.17173
682,0.173363,0.171449
683,0.173082,0.171165
684,0.172803,0.170892
685,0.172529,0.170621
686,0.172248,0.170341
687,0.17197,0.170072
688,0.17168,0.169791
689,0.171404,0.169533
690,0.171135,0.169266
691,0.170856,0.168993
692,0.170583,0.168735
693,0.170298,0.168457
694,0.170032,0.168187
695,0.169767,0.167932
696,0.169482,0.167655
697,0.169198,0.167379
698,0.168916,0.167101
699,0.16866,0.166846
700,0.168419,0.166608
701,0.168143,0.166338
702,0.167881,0.166081
703,0.167618,0.165824
704,0.167374,0.165582
705,0.167107,0.165312
706,0.166843,0.165059
707,0.16658,0.164792
708,0.166316,0.164529
709,0.166055,0.164268
710,0.165788,0.163999
711,0.16553,0.163752
712,0.165271,0.1635
713,0.165019,0.163246
714,0.16475,0.162976
715,0.164521,0.162746
716,0.164265,0.162487
717,0.164014,0.162241
718,0.163774,0.162002
719,0.163537,0.161766
720,0.1633,0.161536
721,0.163055,0.161301
722,0.162826,0.161079
723,0.162592,0.16085
724,0.16236,0.160625
725,0.162135,0.160403
726,0.161912,0.160184
727,0.161664,0.159938
728,0.161437,0.159726
729,0.161192,0.15948
730,0.160957,0.159248
731,0.160724,0.159019
732,0.160488,0.158788
733,0.160226,0.158531
734,0.16002,0.158323
735,0.159791,0.158096
736,0.159571,0.15788
737,0.159354,0.157665
738,0.159116,0.15743
739,0.158894,0.157217
740,0.158667,0.156995
741,0.158448,0.15678
742,0.158238,0.156572
743,0.158013,0.156371
744,0.157808,0.156171
745,0.15756,0.155938
746,0.157349,0.155729
747,0.157125,0.155507
748,0.156911,0.155294
749,0.156694,0.155085
