epoch,e1_loss,e1_train_acc,e1_test_acc,e3_loss,e3_train_acc,e3_test_acc
1,3.631742,0.0505,,3.631742,0.0505,
2,3.211804,0.1683,,3.211804,0.1683,
3,2.871657,0.2485,0.353,2.872331,0.2479,0.3506
4,2.341172,0.4477,,2.341566,0.448,
5,2.059011,0.5333,,2.045528,0.5349,
6,1.943282,0.5633,0.6041,1.941613,0.5638,0.6056
7,1.863507,0.5813,,1.859504,0.5814,
8,1.826801,0.5921,,1.805325,0.5934,
9,1.775054,0.6052,0.6206,1.7725,0.6008,0.6134
10,1.770443,0.6034,,1.731357,0.6157,
11,1.736247,0.622,,1.755087,0.6147,
12,1.591868,0.6697,0.7356,1.5534,0.6867,0.7531
13,1.444777,0.7262,,1.413318,0.7395,
14,1.384219,0.751,,1.336368,0.7687,
15,1.344645,0.7657,0.7913,1.314137,0.778,0.7943
16,1.337277,0.7704,,1.288827,0.7828,
17,1.291692,0.7838,,1.285463,0.786,
18,1.27601,0.7885,0.7897,1.257556,0.7924,0.7873
19,1.292082,0.7832,,1.290154,0.7852,
20,1.282886,0.7871,0.8049,1.277405,0.7868,0.7916
