dataset,model,seed,cond,n_train,acc_ref,f1_ref,acc_noisy,f1_noisy,sec
vpn16,xgboost,42,raw,2757,0.647552,0.469142,0.811189,0.674746,82.1
vpn16,xgboost,42,rule,729,0.661538,0.449628,0.346853,0.208421,23.2
vpn16,xgboost,42,cl_budget,729,0.413986,0.190111,0.483916,0.281512,12.1
vpn16,xgboost,42,random,729,0.545455,0.32105,0.72028,0.531528,31.7
vpn16,xgboost,42,cl_default,2523,0.633566,0.393563,0.804196,0.682841,79.5
vpn16,xgboost,1,raw,2757,0.644755,0.424373,0.81958,0.701653,86.7
vpn16,xgboost,1,rule,729,0.641958,0.421676,0.342657,0.206261,17.8
vpn16,xgboost,1,cl_budget,729,0.406993,0.188484,0.48951,0.27933,15.8
vpn16,xgboost,1,random,729,0.471329,0.281796,0.721678,0.569267,38.9
vpn16,xgboost,1,cl_default,2523,0.65035,0.406313,0.812587,0.694803,78.0
vpn16,xgboost,7,raw,2757,0.657343,0.47295,0.808392,0.671498,82.2
vpn16,xgboost,7,rule,729,0.647552,0.421278,0.367832,0.237232,26.1
vpn16,xgboost,7,cl_budget,729,0.388811,0.185452,0.475524,0.273217,10.8
vpn16,xgboost,7,random,729,0.552448,0.332566,0.703497,0.550675,32.5
vpn16,xgboost,7,cl_default,2523,0.629371,0.396518,0.805594,0.679663,71.6
vpn16,xgboost,2024,raw,2757,0.667133,0.469823,0.832168,0.707353,82.0
vpn16,xgboost,2024,rule,729,0.66014,0.446611,0.34965,0.199328,18.6
vpn16,xgboost,2024,cl_budget,729,0.411189,0.19356,0.488112,0.285374,12.1
vpn16,xgboost,2024,random,729,0.548252,0.3256,0.685315,0.473923,39.5
vpn16,xgboost,2024,cl_default,2523,0.648951,0.41613,0.811189,0.684797,80.1
vpn16,xgboost,31337,raw,2757,0.668531,0.484386,0.812587,0.685082,76.3
vpn16,xgboost,31337,rule,729,0.672727,0.441926,0.369231,0.227845,34.4
vpn16,xgboost,31337,cl_budget,729,0.411189,0.195165,0.499301,0.293428,13.1
vpn16,xgboost,31337,random,729,0.556643,0.303472,0.721678,0.584448,28.6
vpn16,xgboost,31337,cl_default,2523,0.66014,0.424334,0.797203,0.660344,62.4
vpn16,rf,42,raw,2757,0.696503,0.517314,0.738462,0.570589,2.0
vpn16,rf,42,rule,729,0.704895,0.520816,0.337063,0.194365,0.8
vpn16,rf,42,cl_budget,729,0.430769,0.213359,0.48951,0.284677,0.5
vpn16,rf,42,random,729,0.565035,0.297514,0.704895,0.52321,0.8
vpn16,rf,42,cl_default,2523,0.667133,0.409909,0.718881,0.556472,1.8
vpn16,rf,1,raw,2757,0.690909,0.487249,0.745455,0.591284,2.1
vpn16,rf,1,rule,729,0.706294,0.512456,0.334266,0.195602,0.8
vpn16,rf,1,cl_budget,729,0.432168,0.216354,0.486713,0.283094,0.5
vpn16,rf,1,random,729,0.551049,0.319805,0.664336,0.492617,0.7
vpn16,rf,1,cl_default,2523,0.664336,0.409709,0.723077,0.556805,1.8
vpn16,rf,7,raw,2757,0.690909,0.509504,0.734266,0.570508,1.9
vpn16,rf,7,rule,729,0.700699,0.512401,0.332867,0.198318,0.7
vpn16,rf,7,cl_budget,729,0.425175,0.211443,0.486713,0.282769,0.5
vpn16,rf,7,random,729,0.570629,0.346138,0.665734,0.503836,0.6
vpn16,rf,7,cl_default,2523,0.661538,0.406131,0.716084,0.557051,1.6
vpn16,rf,2024,raw,2757,0.692308,0.501446,0.74965,0.606682,1.9
vpn16,rf,2024,rule,729,0.700699,0.523671,0.335664,0.199193,0.7
vpn16,rf,2024,cl_budget,729,0.432168,0.218914,0.490909,0.286156,0.4
vpn16,rf,2024,random,729,0.576224,0.322377,0.697902,0.513055,0.7
vpn16,rf,2024,cl_default,2523,0.671329,0.414323,0.725874,0.55888,1.6
vpn16,rf,31337,raw,2757,0.695105,0.490974,0.746853,0.572979,1.9
vpn16,rf,31337,rule,729,0.702098,0.506855,0.332867,0.20123,0.7
vpn16,rf,31337,cl_budget,729,0.432168,0.218428,0.48951,0.284704,0.5
vpn16,rf,31337,random,729,0.612587,0.339209,0.671329,0.517961,0.7
vpn16,rf,31337,cl_default,2523,0.667133,0.414049,0.725874,0.561299,1.5
tor16,xgboost,42,raw,4447,0.939227,0.673925,0.931608,0.68806,54.4
tor16,xgboost,42,rule,3262,0.941068,0.629846,0.814233,0.504367,32.8
tor16,xgboost,42,cl_budget,3262,0.872007,0.539801,0.878928,0.568477,29.3
tor16,xgboost,42,random,3262,0.938306,0.650335,0.925139,0.68132,51.9
tor16,xgboost,42,cl_default,4253,0.937385,0.649403,0.925139,0.680333,59.7
tor16,xgboost,1,raw,4447,0.951197,0.710392,0.934381,0.693574,61.8
tor16,xgboost,1,rule,3262,0.940147,0.630978,0.816081,0.503333,35.8
tor16,xgboost,1,cl_budget,3262,0.865562,0.53173,0.874307,0.559253,31.8
tor16,xgboost,1,random,3262,0.940147,0.618205,0.916821,0.658585,52.2
tor16,xgboost,1,cl_default,4253,0.936464,0.657857,0.92329,0.611088,61.7
tor16,xgboost,7,raw,4447,0.94291,0.630078,0.937153,0.630798,59.1
tor16,xgboost,7,rule,3262,0.944751,0.62934,0.817006,0.511697,35.4
tor16,xgboost,7,cl_budget,3262,0.862799,0.523885,0.874307,0.558726,29.7
tor16,xgboost,7,random,3262,0.934622,0.603903,0.926063,0.623392,49.3
tor16,xgboost,7,cl_default,4253,0.939227,0.658803,0.92329,0.610171,79.9
tor16,xgboost,2024,raw,4447,0.940147,0.681558,0.928835,0.623697,54.4
tor16,xgboost,2024,rule,3262,0.941989,0.637776,0.816081,0.515671,36.2
tor16,xgboost,2024,cl_budget,3262,0.875691,0.537044,0.883549,0.574669,28.4
tor16,xgboost,2024,random,3262,0.935543,0.604822,0.92329,0.589206,47.8
tor16,xgboost,2024,cl_default,4253,0.938306,0.656824,0.926987,0.625906,52.6
tor16,xgboost,31337,raw,4447,0.94291,0.610995,0.934381,0.694794,58.6
tor16,xgboost,31337,rule,3262,0.939227,0.681369,0.820702,0.510468,32.5
tor16,xgboost,31337,cl_budget,3262,0.872007,0.538592,0.879852,0.567835,30.6
tor16,xgboost,31337,random,3262,0.939227,0.609852,0.930684,0.615485,50.5
tor16,xgboost,31337,cl_default,4253,0.943831,0.668018,0.931608,0.630891,78.7
tor16,rf,42,raw,4447,0.943831,0.636288,0.935305,0.652444,3.6
tor16,rf,42,rule,3262,0.941989,0.634005,0.822551,0.468316,2.3
tor16,rf,42,cl_budget,3262,0.864641,0.536181,0.875231,0.562807,1.8
tor16,rf,42,random,3262,0.940147,0.619512,0.927911,0.631283,2.4
tor16,rf,42,cl_default,4253,0.941989,0.602289,0.92976,0.701794,3.1
tor16,rf,1,raw,4447,0.944751,0.636693,0.937153,0.655537,3.3
tor16,rf,1,rule,3262,0.941989,0.626361,0.821627,0.468128,2.4
tor16,rf,1,cl_budget,3262,0.867403,0.539316,0.876155,0.564169,1.8
tor16,rf,1,random,3262,0.940147,0.619451,0.926063,0.631355,2.5
tor16,rf,1,cl_default,4253,0.941068,0.600718,0.930684,0.702651,3.3
tor16,rf,7,raw,4447,0.947514,0.641446,0.939002,0.658942,3.4
tor16,rf,7,rule,3262,0.944751,0.633437,0.822551,0.469668,2.4
tor16,rf,7,cl_budget,3262,0.864641,0.533059,0.875231,0.561351,1.8
tor16,rf,7,random,3262,0.945672,0.639394,0.926987,0.69427,2.5
tor16,rf,7,cl_default,4253,0.941989,0.602392,0.931608,0.703827,3.2
tor16,rf,2024,raw,4447,0.946593,0.640477,0.935305,0.711849,3.5
tor16,rf,2024,rule,3262,0.94291,0.620395,0.823475,0.463719,2.3
tor16,rf,2024,cl_budget,3262,0.864641,0.535484,0.876155,0.56551,1.9
tor16,rf,2024,random,3262,0.939227,0.665669,0.930684,0.71114,2.4
tor16,rf,2024,cl_default,4253,0.941989,0.60218,0.931608,0.705046,3.2
tor16,rf,31337,raw,4447,0.950276,0.64786,0.939926,0.662529,3.5
tor16,rf,31337,rule,3262,0.943831,0.631485,0.821627,0.457528,2.5
tor16,rf,31337,cl_budget,3262,0.865562,0.538124,0.876155,0.564943,1.8
tor16,rf,31337,random,3262,0.943831,0.636979,0.92976,0.624845,2.4
tor16,rf,31337,cl_default,4253,0.941989,0.603302,0.926987,0.696618,3.0
tls1.3,xgboost,42,raw,37132,0.940082,0.926409,0.940082,0.926409,2522.0
tls1.3,xgboost,42,cl_default,36616,0.933268,0.917608,0.933268,0.917608,2451.6
tls1.3,xgboost,1,raw,37132,0.941164,0.928577,0.941164,0.928577,2596.0
tls1.3,xgboost,1,cl_default,36616,0.933917,0.916668,0.933917,0.916668,2544.5
tls1.3,xgboost,7,raw,37132,0.936946,0.92229,0.936946,0.92229,2612.2
tls1.3,xgboost,7,cl_default,36616,0.935648,0.919646,0.935648,0.919646,2426.7
tls1.3,xgboost,2024,raw,37132,0.937919,0.921392,0.937919,0.921392,2542.9
tls1.3,xgboost,2024,cl_default,36616,0.936405,0.923559,0.936405,0.923559,2469.9
tls1.3,xgboost,31337,raw,37132,0.941056,0.925959,0.941056,0.925959,2422.0
tls1.3,xgboost,31337,cl_default,36616,0.93262,0.915705,0.93262,0.915705,2380.1
tls1.3,rf,42,raw,37132,0.92321,0.904965,0.92321,0.904965,138.4
tls1.3,rf,42,cl_default,36616,0.919857,0.900582,0.919857,0.900582,132.8
tls1.3,rf,1,raw,37132,0.923102,0.904085,0.923102,0.904085,138.1
tls1.3,rf,1,cl_default,36616,0.9191,0.901062,0.9191,0.901062,134.3
tls1.3,rf,7,raw,37132,0.924183,0.905016,0.924183,0.905016,140.8
tls1.3,rf,7,cl_default,36616,0.918992,0.900468,0.918992,0.900468,131.7
tls1.3,rf,2024,raw,37132,0.919749,0.899839,0.919749,0.899839,138.6
tls1.3,rf,2024,cl_default,36616,0.919533,0.900854,0.919533,0.900854,134.6
tls1.3,rf,31337,raw,37132,0.922669,0.903356,0.922669,0.903356,136.3
tls1.3,rf,31337,cl_default,36616,0.919641,0.899432,0.919641,0.899432,136.7
cispec,xgboost,42,raw,32664,0.988844,0.988872,0.988844,0.988872,740.8
cispec,xgboost,42,cl_default,32624,0.988724,0.988758,0.988724,0.988758,762.2
cispec,xgboost,1,raw,32664,0.989443,0.989482,0.989443,0.989482,757.8
cispec,xgboost,1,cl_default,32624,0.987524,0.987577,0.987524,0.987577,765.9
cispec,xgboost,7,raw,32664,0.988364,0.988406,0.988364,0.988406,503.9
cispec,xgboost,7,cl_default,32624,0.988604,0.988656,0.988604,0.988656,709.0
cispec,xgboost,2024,raw,32664,0.988364,0.988425,0.988364,0.988425,716.0
cispec,xgboost,2024,cl_default,32624,0.987524,0.987573,0.987524,0.987573,719.0
cispec,xgboost,31337,raw,32664,0.988964,0.989035,0.988964,0.989035,694.8
cispec,xgboost,31337,cl_default,32624,0.988724,0.988778,0.988724,0.988778,677.9
cispec,rf,42,raw,32664,0.986564,0.98661,0.986564,0.98661,56.2
cispec,rf,42,cl_default,32624,0.986444,0.98648,0.986444,0.98648,54.4
cispec,rf,1,raw,32664,0.986564,0.986599,0.986564,0.986599,56.1
cispec,rf,1,cl_default,32624,0.986924,0.986965,0.986924,0.986965,53.8
cispec,rf,7,raw,32664,0.986684,0.986715,0.986684,0.986715,54.6
cispec,rf,7,cl_default,32624,0.986684,0.986731,0.986684,0.986731,54.3
cispec,rf,2024,raw,32664,0.987044,0.987062,0.987044,0.987062,55.3
cispec,rf,2024,cl_default,32624,0.986804,0.986836,0.986804,0.986836,55.1
cispec,rf,31337,raw,32664,0.986564,0.986596,0.986564,0.986596,54.1
cispec,rf,31337,cl_default,32624,0.986444,0.986468,0.986444,0.986468,54.2
ustc16,xgboost,42,raw,15967,0.977244,0.976847,0.977709,0.9774,130.9
ustc16,xgboost,42,rule,15892,0.976744,0.976356,0.973043,0.972832,90.8
ustc16,xgboost,42,cl_budget,15892,0.980245,0.979903,0.976413,0.976143,95.4
ustc16,xgboost,42,random,15892,0.976994,0.976532,0.975894,0.975613,97.1
ustc16,xgboost,42,cl_default,15878,0.978495,0.978129,0.975635,0.975418,112.9
ustc16,xgboost,1,raw,15967,0.979245,0.978854,0.977968,0.977749,95.0
ustc16,xgboost,1,rule,15892,0.979245,0.978843,0.975635,0.975486,112.0
ustc16,xgboost,1,cl_budget,15892,0.975994,0.975639,0.974339,0.974132,89.1
ustc16,xgboost,1,random,15892,0.977744,0.977332,0.976153,0.975841,101.7
ustc16,xgboost,1,cl_default,15878,0.978245,0.977868,0.97719,0.977016,172.8
ustc16,xgboost,7,raw,15967,0.978245,0.977846,0.974598,0.974222,91.9
ustc16,xgboost,7,rule,15892,0.976744,0.976307,0.972006,0.97174,81.9
ustc16,xgboost,7,cl_budget,15892,0.977744,0.977328,0.976153,0.975945,86.1
ustc16,xgboost,7,random,15892,0.976244,0.975777,0.974857,0.974506,94.1
ustc16,xgboost,7,cl_default,15878,0.978495,0.978104,0.974339,0.974056,92.0
ustc16,xgboost,2024,raw,15967,0.978995,0.978619,0.977968,0.977646,103.0
ustc16,xgboost,2024,rule,15892,0.978245,0.977856,0.975376,0.975139,101.0
ustc16,xgboost,2024,cl_budget,15892,0.977244,0.976855,0.976413,0.976188,80.8
ustc16,xgboost,2024,random,15892,0.977494,0.977058,0.974857,0.974528,94.7
ustc16,xgboost,2024,cl_default,15878,0.976994,0.976596,0.974598,0.974355,115.3
ustc16,xgboost,31337,raw,15967,0.978495,0.978107,0.977449,0.977149,95.1
ustc16,xgboost,31337,rule,15892,0.978745,0.978286,0.974339,0.974127,96.2
ustc16,xgboost,31337,cl_budget,15892,0.977244,0.976806,0.976153,0.975834,94.0
ustc16,xgboost,31337,random,15892,0.978995,0.978572,0.976931,0.976618,103.3
ustc16,xgboost,31337,cl_default,15878,0.976994,0.976577,0.975894,0.975668,96.5
ustc16,rf,42,raw,15967,0.952738,0.952386,0.947382,0.947016,9.7
ustc16,rf,42,rule,15892,0.950988,0.950527,0.94479,0.94454,8.9
ustc16,rf,42,cl_budget,15892,0.950988,0.950599,0.9479,0.947661,9.2
ustc16,rf,42,random,15892,0.950238,0.949732,0.946345,0.946025,9.4
ustc16,rf,42,cl_default,15878,0.951488,0.951104,0.946864,0.946495,8.9
ustc16,rf,1,raw,15967,0.952238,0.951795,0.948419,0.948081,9.8
ustc16,rf,1,rule,15892,0.953738,0.953306,0.947382,0.947029,9.1
ustc16,rf,1,cl_budget,15892,0.950988,0.95063,0.946604,0.946241,9.5
ustc16,rf,1,random,15892,0.950488,0.950081,0.946864,0.946435,8.9
ustc16,rf,1,cl_default,15878,0.951738,0.951232,0.946864,0.946514,9.1
ustc16,rf,7,raw,15967,0.950738,0.950278,0.946604,0.946271,9.8
ustc16,rf,7,rule,15892,0.951988,0.951474,0.946345,0.946151,9.0
ustc16,rf,7,cl_budget,15892,0.952238,0.951839,0.947641,0.947323,10.1
ustc16,rf,7,random,15892,0.952488,0.952038,0.9479,0.947456,9.5
ustc16,rf,7,cl_default,15878,0.950488,0.9501,0.946864,0.9465,9.7
ustc16,rf,2024,raw,15967,0.950988,0.950637,0.946345,0.946109,9.2
ustc16,rf,2024,rule,15892,0.950988,0.950596,0.946345,0.946206,9.2
ustc16,rf,2024,cl_budget,15892,0.950488,0.950115,0.946345,0.946125,9.2
ustc16,rf,2024,random,15892,0.951738,0.951257,0.947641,0.947164,9.4
ustc16,rf,2024,cl_default,15878,0.951238,0.950813,0.94816,0.94777,9.3
ustc16,rf,31337,raw,15967,0.951738,0.95128,0.94816,0.94787,9.2
ustc16,rf,31337,rule,15892,0.951488,0.95111,0.946086,0.94583,8.9
ustc16,rf,31337,cl_budget,15892,0.951738,0.951349,0.946864,0.946637,9.1
ustc16,rf,31337,random,15892,0.949987,0.949484,0.946086,0.945797,9.3
ustc16,rf,31337,cl_default,15878,0.951988,0.951526,0.94816,0.947881,8.8
cic17,xgboost,42,raw,9325,0.954023,0.93612,0.954023,0.93612,35.4
cic17,xgboost,42,cl_default,8951,0.956233,0.93903,0.956233,0.93903,33.5
cic17,xgboost,1,raw,9325,0.947834,0.929561,0.947834,0.929561,35.4
cic17,xgboost,1,cl_default,8951,0.956233,0.939416,0.956233,0.939416,33.9
cic17,xgboost,7,raw,9325,0.954907,0.938133,0.954907,0.938133,35.5
cic17,xgboost,7,cl_default,8951,0.957118,0.937762,0.957118,0.937762,35.1
cic17,xgboost,2024,raw,9325,0.952697,0.934849,0.952697,0.934849,34.4
cic17,xgboost,2024,cl_default,8951,0.954907,0.938133,0.954907,0.938133,42.8
cic17,xgboost,31337,raw,9325,0.95137,0.933999,0.95137,0.933999,36.7
cic17,xgboost,31337,cl_default,8951,0.955349,0.937779,0.955349,0.937779,32.1
cic17,rf,42,raw,9325,0.951813,0.856521,0.951813,0.856521,5.4
cic17,rf,42,cl_default,8951,0.952255,0.85466,0.952255,0.85466,5.1
cic17,rf,1,raw,9325,0.950486,0.855701,0.950486,0.855701,5.2
cic17,rf,1,cl_default,8951,0.953139,0.856418,0.953139,0.856418,5.1
cic17,rf,7,raw,9325,0.948276,0.85157,0.948276,0.85157,5.6
cic17,rf,7,cl_default,8951,0.951813,0.854263,0.951813,0.854263,5.1
cic17,rf,2024,raw,9325,0.950486,0.854878,0.950486,0.854878,5.3
cic17,rf,2024,cl_default,8951,0.951813,0.853769,0.951813,0.853769,5.0
cic17,rf,31337,raw,9325,0.95137,0.857306,0.95137,0.857306,5.4
cic17,rf,31337,cl_default,8951,0.951813,0.854742,0.951813,0.854742,5.0
cic18,xgboost,42,raw,3502,0.997821,0.868496,0.997814,0.868491,26.2
cic18,xgboost,42,rule,3491,0.997821,0.868496,0.995628,0.860487,23.9
cic18,xgboost,42,cl_budget,3491,0.996732,0.861912,0.996721,0.861907,15.0
cic18,xgboost,42,random,3491,0.997821,0.868496,0.997814,0.868491,15.6
cic18,xgboost,42,cl_default,3501,0.997821,0.868496,0.997814,0.868491,26.8
cic18,xgboost,1,raw,3502,0.997821,0.868496,0.997814,0.868491,26.3
cic18,xgboost,1,rule,3491,0.997821,0.868496,0.994536,0.859876,12.7
cic18,xgboost,1,cl_budget,3491,0.997821,0.868496,0.997814,0.868491,24.9
cic18,xgboost,1,random,3491,0.997821,0.868496,0.997814,0.868491,26.8
cic18,xgboost,1,cl_default,3501,0.997821,0.868496,0.997814,0.868491,26.4
cic18,xgboost,7,raw,3502,0.997821,0.868496,0.997814,0.868491,14.4
cic18,xgboost,7,rule,3491,0.997821,0.868496,0.994536,0.859876,15.1
cic18,xgboost,7,cl_budget,3491,0.997821,0.868496,0.997814,0.868491,26.2
cic18,xgboost,7,random,3491,0.997821,0.868496,0.997814,0.868491,13.9
cic18,xgboost,7,cl_default,3501,0.997821,0.868496,0.997814,0.868491,14.2
cic18,xgboost,2024,raw,3502,0.997821,0.868496,0.997814,0.868491,27.0
cic18,xgboost,2024,rule,3491,0.997821,0.868496,0.996721,0.861098,28.7
cic18,xgboost,2024,cl_budget,3491,0.996732,0.865407,0.996721,0.865397,26.2
cic18,xgboost,2024,random,3491,0.997821,0.868496,0.997814,0.868491,25.0
cic18,xgboost,2024,cl_default,3501,0.997821,0.868496,0.996721,0.861098,12.8
cic18,xgboost,31337,raw,3502,0.996732,0.862768,0.996721,0.862758,28.0
cic18,xgboost,31337,rule,3491,0.996732,0.862768,0.994536,0.854786,25.3
cic18,xgboost,31337,cl_budget,3491,0.997821,0.868496,0.997814,0.868491,14.0
cic18,xgboost,31337,random,3491,0.996732,0.862768,0.996721,0.862758,29.2
cic18,xgboost,31337,cl_default,3501,0.997821,0.868496,0.997814,0.868491,27.1
cic18,rf,42,raw,3502,0.997821,0.868496,0.997814,0.868491,1.2
cic18,rf,42,rule,3491,0.997821,0.868496,0.996721,0.865417,1.3
cic18,rf,42,cl_budget,3491,0.997821,0.868496,0.997814,0.868491,1.2
cic18,rf,42,random,3491,0.997821,0.868496,0.997814,0.868491,1.4
cic18,rf,42,cl_default,3501,0.997821,0.868496,0.997814,0.868491,1.2
cic18,rf,1,raw,3502,0.997821,0.868496,0.997814,0.868491,1.3
cic18,rf,1,rule,3491,0.997821,0.868496,0.996721,0.865417,1.2
cic18,rf,1,cl_budget,3491,0.997821,0.868496,0.997814,0.868491,1.3
cic18,rf,1,random,3491,0.998911,0.874687,0.998907,0.874682,1.3
cic18,rf,1,cl_default,3501,0.997821,0.868496,0.997814,0.868491,1.3
cic18,rf,7,raw,3502,0.997821,0.868496,0.997814,0.868491,1.2
cic18,rf,7,rule,3491,0.997821,0.868496,0.996721,0.865417,1.1
cic18,rf,7,cl_budget,3491,0.997821,0.868496,0.997814,0.868491,1.3
cic18,rf,7,random,3491,0.997821,0.868496,0.997814,0.868491,1.3
cic18,rf,7,cl_default,3501,0.997821,0.868496,0.997814,0.868491,1.2
cic18,rf,2024,raw,3502,0.997821,0.868496,0.997814,0.868491,1.3
cic18,rf,2024,rule,3491,0.997821,0.868496,0.996721,0.865417,1.2
cic18,rf,2024,cl_budget,3491,0.997821,0.868496,0.997814,0.868491,1.1
cic18,rf,2024,random,3491,0.997821,0.868496,0.997814,0.868491,1.2
cic18,rf,2024,cl_default,3501,0.997821,0.868496,0.997814,0.868491,1.2
cic18,rf,31337,raw,3502,0.997821,0.868496,0.997814,0.868491,1.2
cic18,rf,31337,rule,3491,0.997821,0.868496,0.996721,0.865417,1.2
cic18,rf,31337,cl_budget,3491,0.998911,0.874687,0.998907,0.874682,1.1
cic18,rf,31337,random,3491,0.997821,0.868496,0.997814,0.868491,1.2
cic18,rf,31337,cl_default,3501,0.997821,0.868496,0.997814,0.868491,1.2
iot23,xgboost,42,raw,21983,0.845833,0.836198,0.830326,0.819642,383.5
iot23,xgboost,42,rule,16467,0.855638,0.846121,0.720372,0.725695,210.0
iot23,xgboost,42,cl_budget,16467,0.828219,0.818865,0.773953,0.761382,203.1
iot23,xgboost,42,random,16467,0.835664,0.823414,0.818605,0.807666,306.1
iot23,xgboost,42,cl_default,20400,0.842019,0.83296,0.819907,0.808818,359.8
iot23,xgboost,1,raw,21983,0.849827,0.840022,0.833488,0.82377,424.0
iot23,xgboost,1,rule,16467,0.855638,0.846938,0.718326,0.722597,209.8
iot23,xgboost,1,cl_budget,16467,0.825495,0.815928,0.776744,0.764993,197.5
iot23,xgboost,1,random,16467,0.839114,0.82845,0.816186,0.804891,309.6
iot23,xgboost,1,cl_default,20400,0.842564,0.832925,0.821209,0.810933,345.8
iot23,xgboost,7,raw,21983,0.856001,0.846731,0.833302,0.82349,383.7
iot23,xgboost,7,rule,16467,0.856546,0.848268,0.718326,0.72226,194.4
iot23,xgboost,7,cl_budget,16467,0.826948,0.816874,0.773209,0.759336,192.3
iot23,xgboost,7,random,16467,0.84438,0.833261,0.817674,0.806582,300.8
iot23,xgboost,7,cl_default,20400,0.846196,0.837383,0.823628,0.813032,372.7
iot23,xgboost,2024,raw,21983,0.848738,0.838851,0.829767,0.819608,390.2
iot23,xgboost,2024,rule,16467,0.856183,0.847247,0.719442,0.721668,226.8
iot23,xgboost,2024,cl_budget,16467,0.831124,0.822076,0.774884,0.761888,288.8
iot23,xgboost,2024,random,16467,0.842019,0.832146,0.808372,0.796972,307.2
iot23,xgboost,2024,cl_default,20400,0.841111,0.831123,0.818419,0.806227,326.7
iot23,xgboost,31337,raw,21983,0.846377,0.837039,0.832,0.822118,386.7
iot23,xgboost,31337,rule,16467,0.853096,0.844362,0.719628,0.722786,215.7
iot23,xgboost,31337,cl_budget,16467,0.829671,0.820311,0.776,0.763682,216.6
iot23,xgboost,31337,random,16467,0.842746,0.831897,0.816186,0.805215,270.1
iot23,xgboost,31337,cl_default,20400,0.840567,0.831245,0.819907,0.808633,318.2
iot23,rf,42,raw,21983,0.801162,0.78699,0.798512,0.783374,20.7
iot23,rf,42,rule,16467,0.809878,0.796092,0.692837,0.685273,10.1
iot23,rf,42,cl_budget,16467,0.793536,0.780943,0.75907,0.742063,10.1
iot23,rf,42,random,16467,0.79063,0.777195,0.780837,0.765128,16.1
iot23,rf,42,cl_default,20400,0.805157,0.792098,0.790884,0.774913,18.6
iot23,rf,1,raw,21983,0.799346,0.78491,0.798512,0.783039,21.1
iot23,rf,1,rule,16467,0.808426,0.794063,0.693395,0.683751,10.4
iot23,rf,1,cl_budget,16467,0.789359,0.775938,0.757395,0.740683,10.3
iot23,rf,1,random,16467,0.794807,0.780281,0.784558,0.768843,15.5
iot23,rf,1,cl_default,20400,0.807518,0.794601,0.791814,0.775611,17.4
iot23,rf,7,raw,21983,0.801344,0.787301,0.797395,0.781639,21.1
iot23,rf,7,rule,16467,0.812057,0.797942,0.694698,0.687433,10.1
iot23,rf,7,cl_budget,16467,0.788633,0.77518,0.756465,0.739328,10.2
iot23,rf,7,random,16467,0.794443,0.780241,0.786977,0.771536,15.4
iot23,rf,7,cl_default,20400,0.801344,0.788398,0.786419,0.770353,17.4
iot23,rf,2024,raw,21983,0.800254,0.786334,0.797023,0.780859,20.6
iot23,rf,2024,rule,16467,0.802433,0.788071,0.688744,0.679728,9.7
iot23,rf,2024,cl_budget,16467,0.786998,0.773454,0.758884,0.741575,10.3
iot23,rf,2024,random,16467,0.793536,0.780009,0.784,0.768877,15.1
iot23,rf,2024,cl_default,20400,0.805702,0.792766,0.790512,0.774406,17.8
iot23,rf,31337,raw,21983,0.800254,0.786018,0.796093,0.780895,21.1
iot23,rf,31337,rule,16467,0.809697,0.795712,0.692279,0.684248,10.4
iot23,rf,31337,cl_budget,16467,0.784819,0.771551,0.753116,0.736369,10.5
iot23,rf,31337,random,16467,0.79862,0.785086,0.784744,0.76977,14.6
iot23,rf,31337,cl_default,20400,0.801525,0.788293,0.786977,0.770585,17.4
