epoch,train_loss,train_accuracy,test_loss,test_accuracy
1,2.507366,0.3441,,
2,2.157980,0.4928,,
3,1.848732,0.5820,1.649149,0.8940
4,1.444099,0.8876,,
5,0.991760,0.9282,,
6,0.727785,0.9462,0.659264,0.9585
7,0.648050,0.9618,,
8,0.619621,0.9697,,
9,0.594563,0.9817,0.582482,0.9836
10,0.583326,0.9871,,
11,0.570884,0.9952,,
12,0.560833,0.9964,0.563322,0.9967
13,0.560600,0.9967,,
14,0.565148,0.9943,,
15,0.605834,0.9808,0.651419,0.9563
16,0.843063,0.8885,,
17,0.631568,0.9718,,
18,0.589555,0.9868,0.578312,0.9923
19,0.571998,0.9937,,
20,0.565885,0.9955,0.566053,0.9956
