model,dataset,n,rank_rho,artifact_mass_exp1_%,artifact_mass_exp3_%,artifact_delta_%p,top1_field_exp1,top1_field_exp3,L34_mass_exp1_%,L34_mass_exp3_%
2dcnn,vpn16,500,0.991,18.6,18.2,-0.4,<pad>,<pad>,39.8,41.7
2dcnn,tor16,500,0.985,18.9,20.5,+1.7,tcp.payload,tcp.payload,43.3,45.9
2dcnn,tls1.3,500,0.997,7.9,8.1,+0.3,tcp.segment_data,tcp.segment_data,61.1,61.5
2dcnn,cispec,500,0.999,2.4,2.6,+0.2,tcp.payload,tcp.payload,53.0,53.0
2dcnn,ustc16,500,0.984,15.5,15.8,+0.3,<pad>,<pad>,48.7,49.9
2dcnn,cic17,500,0.995,23.2,23.1,-0.1,<pad>,<pad>,49.8,49.1
2dcnn,cic18,457,0.996,30.9,30.5,-0.3,<pad>,<pad>,38.2,40.0
2dcnn,iot23,500,0.994,17.9,15.8,-2.1,<pad>,<pad>,34.4,33.0
etbert,vpn16,500,0.989,28.4,24.5,-3.9,udp.payload,udp.payload,77.8,78.7
etbert,tor16,500,0.988,45.0,44.7,-0.3,ip.checksum,ip.checksum,78.8,78.1
etbert,tls1.3,500,0.996,14.3,14.5,+0.2,tls.handshake.random,tls.handshake.random,38.6,38.6
etbert,cispec,500,1.000,51.6,51.6,+0.0,ip.proto,ip.proto,82.4,82.4
etbert,ustc16,500,0.992,22.8,23.1,+0.3,tcp.options.timestamp.tsval,tcp.options.timestamp.tsval,71.7,71.1
etbert,cic17,500,0.993,31.1,30.8,-0.3,tcp.options.timestamp.tsval,tcp.options.timestamp.tsval,88.8,88.6
etbert,cic18,457,0.988,37.2,39.5,+2.3,tcp.window_size_value,tcp.window_size_value,80.9,81.8
etbert,iot23,500,0.992,27.0,26.1,-0.9,dns.qry.name,dns.qry.name,60.3,60.1
yatc,vpn16,500,0.987,8.3,9.8,+1.5,<pad>,<pad>,33.3,36.5
yatc,tor16,500,0.969,6.1,8.7,+2.7,<pad>,<pad>,27.5,33.6
yatc,tls1.3,500,0.997,10.8,10.0,-0.7,<pad>,<pad>,59.7,60.1
yatc,cispec,500,1.000,1.6,1.6,+0.0,tcp.payload,tcp.payload,54.3,54.3
yatc,ustc16,500,0.964,10.0,10.8,+0.9,<pad>,<pad>,48.8,49.9
yatc,cic17,500,0.974,5.5,6.6,+1.2,<pad>,<pad>,59.3,49.8
yatc,cic18,457,0.931,5.4,4.8,-0.6,tcp.options.timestamp.tsval,<pad>,72.3,54.2
yatc,iot23,500,0.985,10.4,8.8,-1.6,<pad>,<pad>,37.1,34.5
netmamba,vpn16,500,0.969,4.9,2.5,-2.4,<pad>,<pad>,28.7,27.6
netmamba,tor16,500,0.925,1.7,4.5,+2.8,<pad>,<pad>,21.1,27.1
netmamba,tls1.3,500,0.994,9.0,10.3,+1.3,<pad>,<pad>,57.6,57.8
netmamba,cispec,500,0.990,0.4,0.5,+0.1,tcp.payload,tcp.payload,41.4,36.2
netmamba,ustc16,500,0.945,5.4,5.1,-0.3,<pad>,<pad>,41.9,39.4
netmamba,cic17,500,0.946,2.5,2.1,-0.4,<pad>,<pad>,44.9,43.2
netmamba,cic18,457,0.864,1.8,2.8,+1.0,<pad>,<pad>,63.7,37.4
netmamba,iot23,500,0.961,10.5,8.7,-1.8,<pad>,<pad>,30.7,31.0
trafficformer,vpn16,500,0.989,33.7,34.8,+1.2,<pad>,<pad>,55.8,57.0
trafficformer,tor16,500,0.978,34.5,30.8,-3.7,<pad>,<pad>,54.0,52.4
trafficformer,tls1.3,500,0.996,37.4,38.2,+0.8,tcp.payload,tcp.payload,68.7,68.1
trafficformer,cispec,500,1.000,19.8,19.8,+0.0,tcp.seq,tcp.seq,72.6,72.6
trafficformer,ustc16,500,0.988,29.1,27.2,-1.9,<pad>,<pad>,56.6,56.2
trafficformer,cic17,500,0.989,39.9,40.3,+0.4,<pad>,<pad>,63.5,60.9
trafficformer,cic18,457,0.982,37.2,36.9,-0.3,<pad>,<pad>,56.9,54.3
trafficformer,iot23,500,0.993,34.0,32.5,-1.6,<pad>,<pad>,50.2,48.0
