field,layer,artifact,exp1_refined,exp3_noisy,delta
dns.qry.name,app/payload,0,0.11003,0.10540,-0.00463
ip.len,L3/L4 header,0,0.07927,0.08590,+0.00663
udp.payload,L3/L4 header,0,0.06782,0.07116,+0.00334
tcp.seq,L3/L4 header,0,0.05342,0.05784,+0.00442
<pad>,pad/sep,0,0.05612,0.05631,+0.00018
ip.checksum,L3/L4 header,1,0.06482,0.05307,-0.01176
payload,app/payload,0,0.05029,0.05082,+0.00053
ip.id,L3/L4 header,1,0.05028,0.04546,-0.00482
tcp.ack,L3/L4 header,0,0.03704,0.04410,+0.00707
udp.checksum,L3/L4 header,1,0.02278,0.02903,+0.00625
ip.proto,L3/L4 header,0,0.04056,0.02591,-0.01466
ip.src#masked,masked(ip/port),1,0.02329,0.02192,-0.00137
ip.ttl,L3/L4 header,1,0.02118,0.01996,-0.00122
dns.id,app/payload,0,0.01721,0.01893,+0.00172
udp.length,L3/L4 header,0,0.01589,0.01864,+0.00275
tcp.options.timestamp.tsval,L3/L4 header,0,0.01779,0.01653,-0.00126
tcp.window_size_value,L3/L4 header,0,0.01461,0.01565,+0.00104
ip.dst#masked,masked(ip/port),1,0.01591,0.01472,-0.00119
tcp.checksum,L3/L4 header,1,0.00991,0.01319,+0.00329
ip.frag_offset,L3/L4 header,1,0.01204,0.01251,+0.00047
tcp.dstport#masked,masked(ip/port),1,0.01328,0.01234,-0.00094
dns.flags,app/payload,0,0.00959,0.01200,+0.00242
ip.flags,L3/L4 header,1,0.01093,0.01198,+0.00104
ip.dsfield,L3/L4 header,1,0.01027,0.01134,+0.00107
ip.version,L3/L4 header,0,0.00923,0.00989,+0.00066
tcp.flags.cwr,L3/L4 header,0,0.00978,0.00910,-0.00068
tcp.option_len,L3/L4 header,0,0.01167,0.00901,-0.00266
tcp.urgent_pointer,L3/L4 header,0,0.00725,0.00878,+0.00153
dns.a,app/payload,0,0.00608,0.00804,+0.00196
tcp.hdr_len,L3/L4 header,0,0.00807,0.00787,-0.00019
dns.count.answers,app/payload,0,0.00742,0.00750,+0.00009
tls.app_data,app/payload,0,0.00672,0.00744,+0.00072
dns.count.queries,app/payload,0,0.00805,0.00741,-0.00064
dns.qry.class,app/payload,0,0.00724,0.00724,+0.00001
tcp.options.timestamp.tsecr,L3/L4 header,0,0.00811,0.00722,-0.00090
tcp.srcport#masked,masked(ip/port),1,0.00666,0.00663,-0.00003
dns.qry.type,app/payload,0,0.00663,0.00649,-0.00014
dns.resp.ttl,app/payload,0,0.00554,0.00639,+0.00085
tcp.option_kind,L3/L4 header,0,0.00783,0.00637,-0.00146
dns.resp.name,app/payload,0,0.00536,0.00597,+0.00061
dns.resp.len,app/payload,0,0.00403,0.00516,+0.00112
dns.count.auth_rr,app/payload,0,0.00448,0.00507,+0.00059
udp.dstport#masked,masked(ip/port),1,0.00475,0.00485,+0.00010
tcp.options.mss_val,L3/L4 header,0,0.00715,0.00479,-0.00236
dns.resp.type,app/payload,0,0.00437,0.00475,+0.00038
dns.count.add_rr,app/payload,0,0.00438,0.00458,+0.00020
dns.cname,app/payload,0,0.00422,0.00435,+0.00013
udp.srcport#masked,masked(ip/port),1,0.00372,0.00391,+0.00018
dns.resp.class,app/payload,0,0.00334,0.00385,+0.00051
dns.ptr.domain_name,app/payload,0,0.00305,0.00282,-0.00023
tcp.options.nop,L3/L4 header,0,0.00202,0.00196,-0.00006
tcp.options.wscale.shift,L3/L4 header,0,0.00199,0.00180,-0.00019
gre.proto,app/payload,0,0.00197,0.00148,-0.00050
tcp.payload,L3/L4 header,0,0.00123,0.00127,+0.00004
dns.soa.mname,app/payload,0,0.00067,0.00080,+0.00013
dns.soa.rname,app/payload,0,0.00036,0.00040,+0.00003
gre.flags_and_version,app/payload,0,0.00046,0.00034,-0.00012
http.request.uri.path,app/payload,0,0.00032,0.00032,+0.00000
tls.record.length,app/payload,0,0.00031,0.00031,+0.00001
tls.record.version,app/payload,0,0.00026,0.00025,-0.00001
dns.aaaa,app/payload,0,0.00020,0.00018,-0.00002
http.request.uri.query.parameter,app/payload,0,0.00013,0.00013,+0.00000
tls.record.content_type,app/payload,0,0.00009,0.00008,-0.00001
tcp.options.sack_re,L3/L4 header,0,0.00004,0.00007,+0.00003
dns.soa.expire_limit,app/payload,0,0.00006,0.00006,-0.00000
dns.soa.refresh_interval,app/payload,0,0.00005,0.00006,+0.00001
dns.soa.serial_number,app/payload,0,0.00012,0.00005,-0.00007
dns.soa.retry_interval,app/payload,0,0.00007,0.00004,-0.00003
tcp.options.sack_le,L3/L4 header,0,0.00004,0.00004,+0.00000
icmp.checksum,L3/L4 header,1,0.00002,0.00004,+0.00002
icmp.unused,L3/L4 header,0,0.00002,0.00004,+0.00001
http.request.method,app/payload,0,0.00004,0.00003,-0.00001
dns.soa.minimum_ttl,app/payload,0,0.00003,0.00002,-0.00001
icmp.type,L3/L4 header,0,0.00001,0.00002,+0.00001
icmp.code,L3/L4 header,0,0.00001,0.00001,+0.00000
http.request.uri,app/payload,0,0.00001,0.00001,+0.00000
http.request.uri.query,app/payload,0,0.00000,0.00001,+0.00000
